name,rating,number_of_votes,grade,toprope,sport,trad,alpine,ice,pitches,length
 Claim Jumper,4.0,2,11,0,1,0,0,0,1,100
1-800-Stick-It Arete,1.0,0,10,1,0,0,0,0,1,70
"10,000 Restless Virgins",3.7,39,10,0,0,1,0,0,1,100
3.2,1.8,26,4,0,0,1,0,0,1,40
48,1.4,5,4,0,0,1,0,0,2,200
49,1.0,3,3,0,0,1,0,0,2,200
"""49""",2.0,2,7,0,1,0,0,0,1,
50-50,1.6,22,5,0,0,1,0,0,2,150
5.10 Top Rope,2.0,3,10,1,0,0,0,0,,
5.8 Crack Climb,2.5,11,8,0,0,1,0,0,2,
69,1.8,34,3,0,0,1,0,0,1,50
7 year itch,2.5,2,9,0,0,1,0,0,1,70
"A Better Place, Now!",2.0,1,6,0,0,1,0,0,1,60
A-Gape,2.5,2,11,0,0,1,0,0,1,120
"A Long Walk For Man, A Short Climb For Mankind",1.9,11,4,0,0,1,0,0,,100
A Paris Parody,2.0,1,4,0,0,1,0,0,1,70
A Peney for your freedom,2.1,7,8,0,0,1,0,0,1,50
A Pilgrim's Progress,3.5,2,8,0,0,1,0,0,,70
A Portrait of the Artist as a Young Man,2.6,8,8,0,0,1,0,0,1,50
A Touch of Class,3.8,12,9,0,0,1,0,0,4,400
A Walk in the Sky,2.0,2,1,0,0,1,0,0,,200
Absurdland,3.0,133,8,0,0,1,0,0,1,100
Across From the Fruitstand,1.0,2,4,0,0,1,0,0,2,210
Action Steps,3.0,3,8,0,0,1,0,0,1,90
Acute Corner,1.8,5,7,0,0,1,0,0,1,50
Adirondack Rehabilitation,2.3,6,10,0,0,1,0,0,1,130
Adsite Arete,1.0,2,4,0,0,1,0,0,,40
Afraid of the Dark,2.0,8,8,0,0,1,0,0,1,80
After Five,2.0,1,11,1,0,0,0,0,1,75
After You,1.0,1,7,0,0,1,0,0,3,220
Afternoon Delight,2.9,54,5,0,0,1,0,0,1,60
Air Male,2.0,3,11,0,0,1,0,0,1,90
Airy Aria,2.9,115,8,0,0,1,0,0,2,180
Akidlleativytoowouldn'tyou,2.0,17,7,0,0,1,0,0,,
Alien Umbrella,3.0,3,11,0,0,1,0,0,1,60
All Things Holy,2.0,1,7,0,0,1,0,0,4,505
Alley Oop,2.5,57,7,0,0,1,0,0,2,180
Almost Pure and Simple,1.5,8,8,0,0,1,0,0,,
Alphonse,3.3,110,8,0,0,1,0,0,2,150
Alpine Diversions,2.1,35,8,0,0,1,0,0,2,
Also Ran,1.0,1,6,0,0,1,0,0,1,60
Amber Waves of Pain,2.9,22,10,0,0,1,0,0,2,250
Ambien Knights,1.6,5,9,0,0,1,0,0,,70
Ambulance Chaser,2.0,2,9,0,0,1,0,0,1,70
Amnesia Chasm,1.0,2,8,0,0,1,0,0,1,75
Amphitheatre Crack,3.7,17,9,0,0,1,0,0,1,125
Andrew,2.4,65,4,0,0,1,0,0,4,280
Android-Moby Dick link-up,2.4,5,8,0,0,1,0,0,2,
Andromeda,2.0,2,8,0,0,1,0,0,1,70
Anguish,2.1,31,8,0,0,1,0,0,2,200
Animal Charm,2.0,3,10,0,0,1,0,0,1,80
Animal Farm,2.8,4,10,0,0,1,0,0,1,70
Anna's Route,2.5,6,8,1,0,0,0,0,1,50
Annie Oh!,3.3,112,8,0,0,1,0,0,2,220
Annies Crack,1.0,3,4,0,0,1,0,0,1,50
Anopheles,2.0,1,8,0,1,0,0,0,1,80
Another Wack and Dangle Job,3.2,4,12,0,0,1,0,0,1,70
Ants' Line,3.6,281,9,0,0,1,0,0,1,80
Any Which Way But Down/Ex-traction,1.0,0,8,0,0,1,0,0,1,60
Ape and Essence,2.0,7,9,0,0,1,0,0,1,80
Ape Call,2.9,33,8,0,0,1,0,0,2,110
Ape X,2.0,2,9,0,0,1,0,0,2,90
Apoplexy,3.4,164,9,0,0,1,0,0,1,90
Approach Shoe Assassin,2.0,1,10,0,1,0,0,0,1,30
April Showers,2.7,14,11,0,0,1,0,0,1,
Aquarius,2.5,2,6,0,0,1,0,0,1,60
Arachnid Traction,3.0,38,8,0,0,1,0,0,1,80
Arc of a Diver,2.2,6,9,0,0,1,0,0,3,
Arch Crack,3.0,1,10,0,0,1,0,0,1,50
Arch Direct,2.4,14,9,0,0,1,0,0,1,150
Arch,2.4,126,5,0,0,1,0,0,2,
Arete I,1.8,12,9,1,0,0,0,0,1,40
Arete II,1.0,1,10,1,0,0,0,0,1,50
Arete-in-a-Hole,2.0,1,7,1,0,0,0,0,,30
Arete Style Dysfunction,4.0,1,13,0,1,0,0,0,,70
Armadillo's Delight,1.0,4,10,0,0,1,0,0,1,70
Around Already,1.0,1,9,1,0,0,0,0,1,60
Arrow,3.5,285,8,0,0,1,0,0,2,200
Art's Route,2.5,14,9,0,0,1,0,0,,
As the cliff turns,2.5,15,8,0,0,1,0,0,,
Asbestos Wall,2.8,9,,0,0,1,0,0,1,40
ASPCA,2.0,5,7,0,0,1,0,0,1,100
Asphodel,2.4,64,5,0,0,1,0,0,1,120
Asterisk,1.0,1,8,0,0,1,0,0,1,70
Asteroid,2.5,2,8,0,1,0,0,0,1,45
Aunt Polly,3.0,1,6,0,0,1,0,0,2,275
Autopilot,1.8,4,6,0,0,1,0,0,1,50
Azucar,2.7,3,10,0,1,0,0,0,,35
Baby Bear,1.0,0,4,1,0,0,0,0,,85
Baby Steps,1.6,5,2,0,0,1,0,0,1,30
Baby,2.9,195,6,0,0,1,0,0,2,140
Bachelors and Bowery Bums,2.6,5,7,0,0,1,0,0,1,90
Back to the Future (AKA JAP),2.0,1,10,0,0,1,0,0,1,50
Back to the future,2.0,5,8,0,0,1,0,0,,
Back to the Wall,4.0,2,7,0,0,1,0,0,1,60
Backs against the Wall,1.7,3,5,0,0,1,0,0,2,145
Badcliff,2.0,1,10,0,0,1,0,0,1,100
Badfinger,2.6,14,9,0,0,1,0,0,1,100
Bag's End,2.2,5,8,0,0,1,0,0,3,210
Balrog,2.6,45,10,0,0,1,0,0,1,75
Bandito,2.8,5,10,0,0,1,0,0,,60
Barking Spider,2.7,6,7,0,0,1,0,0,1,60
"Barndance, a.k.a. Crankmaster T's Arete",2.8,5,12,1,0,0,0,0,1,70
Baskerville Terrace,2.4,37,7,0,0,1,0,0,2,210
Bat Cave,3.0,1,9,0,0,1,0,0,,40
Battle of the Bulge,3.0,1,9,1,0,0,0,0,1,50
BB Route,2.5,28,8,0,0,1,0,0,1,60
Beam Me Up Scotty,2.0,1,12,0,0,1,0,0,1,55
Bear Claw,1.0,0,6,0,0,1,0,0,,85
Bear Necessities,3.0,1,10,0,0,1,0,0,3,300
Beauty and the Skink,2.0,1,6,0,0,1,0,0,1,70
Because Dogs Can (P1),1.6,5,9,0,0,1,0,0,1,40
Beckerheads,1.3,3,10,0,1,0,0,0,,90
Bee Hold,3.0,24,8,0,1,0,0,0,1,100
Bee's Knees,3.5,2,9,0,0,1,0,0,1,40
Beginner's Delight,3.1,143,4,0,0,1,0,0,3,250
Bella Vista,2.4,5,7,0,0,1,0,0,5,510
Belle Bottom Crack,2.8,11,6,0,0,1,0,0,1,90
Belleview,1.8,6,9,0,0,1,0,0,1,110
Belly Roll,2.1,150,4,0,0,1,0,0,2,120
Benediction,2.0,1,5,0,0,1,0,0,5,400
Benny Goodman (the King of Swing),2.0,1,10,1,0,0,0,0,,50
Bent Crankarm,2.0,1,9,0,0,1,0,0,1,60
Betty,2.5,128,3,0,0,1,0,0,2,150
Beyond the Fringe,1.0,1,9,0,0,1,0,0,1,
Bidonville,1.0,1,7,0,0,1,0,0,1,35
Big Bertha,2.4,38,6,0,0,1,0,0,1,60
Big Man's Bane,1.0,0,6,0,0,1,0,0,1,50
Bill Route,2.8,4,6,0,0,1,0,0,2,400
Billy Get Your Guns,2.7,6,8,0,0,1,0,0,1,40
Billy Shears,1.2,4,9,0,0,1,0,0,1,90
Billy Tipton,2.0,1,8,0,0,1,0,0,1,50
Bimathalon (aka Silver Slab),3.0,1,11,0,0,1,0,0,2,285
Bird Cage,3.6,62,10,0,0,1,0,0,1,100
Birdbrain,3.0,3,11,0,0,1,0,0,,80
Birdie Party,3.3,66,10,0,0,1,0,0,2,200
Birdland,3.6,140,8,0,0,1,0,0,2,200
Bird's Nest,2.0,2,10,0,0,1,0,0,1,40
Birthday Biscuit Boy,1.0,1,9,0,0,1,0,0,1,50
Birthday Corner,2.0,1,10,0,0,1,0,0,2,140
Bitchy Virgin,1.5,22,5,0,0,1,0,0,2,160
Black Arete,2.5,2,12,1,0,0,0,0,1,70
Black Beauty,2.2,4,7,1,0,0,0,0,1,30
Black Dog,2.0,1,12,0,0,1,0,0,1,55
Black Fly,1.9,60,5,0,0,1,0,0,1,60
Black Wallpaper,3.0,4,9,0,0,1,0,0,1,70
Blacksmith,3.7,24,10,0,0,1,0,0,1,140
Blank This,2.0,1,9,1,0,0,0,0,1,22
BLC,1.0,1,7,0,0,1,0,0,1,65
BLF,1.0,2,9,0,0,1,0,0,1,85
Blistered Toe,2.3,22,8,0,0,1,0,0,3,
Blockus,2.0,1,10,0,0,1,0,0,,70
Bloody Bush,2.6,97,7,0,0,1,0,0,2,200
Bloody Mary,3.8,36,9,0,0,1,0,0,6,500
Blue Streaks,2.0,1,8,0,0,1,0,0,1,100
Blueberry Jam,2.0,2,9,0,0,1,0,0,1,70
Blueberry Ledges,1.4,24,5,0,0,1,0,0,3,200
Blueberry Pie,1.0,0,8,0,0,1,0,0,1,50
Blueberry Tafone,1.0,1,6,0,0,1,0,0,1,140
Blueberry Wine,1.0,2,11,0,0,1,0,0,1,80
Blunderbus,1.0,2,9,0,0,1,0,0,1,90
Bob's Knob Standard,2.3,10,3,0,0,1,0,0,6,840
Bodhi Tree,3.5,4,9,0,0,1,0,0,1,140
Bog Spavin,1.0,0,5,0,0,1,0,0,1,200
Bogosity (Link-up),3.0,2,8,0,0,1,0,0,2,140
Bold-Ville,2.9,43,8,0,0,1,0,0,2,180
Bombs Away Dream Baby,2.2,19,8,0,0,1,0,0,3,150
Bon Chance,2.3,3,8,0,0,1,0,0,1,100
Bonnie's Roof,3.8,261,9,0,0,1,0,0,2,250
Borderline,3.5,2,11,0,0,1,0,0,1,120
Boron Destroyer,1.2,4,10,0,0,1,0,0,1,
Boston Tree Party,2.0,12,8,0,0,1,0,0,,80
Boston,2.1,79,5,0,0,1,0,0,1,50
Bottleneck,2.0,1,5,0,0,1,0,0,1,80
Bouncer,2.0,2,10,0,0,1,0,0,1,40
Bowline With A Blowjob Finish,2.5,2,11,0,0,1,0,0,,70
Bozeman Bullet,3.4,38,6,0,0,1,0,0,1,100
Bragg-Hatch,2.0,9,10,0,0,1,0,0,,
"Brass Balls, Steel Nuts, and Sticky Rubber",4.0,1,12,0,0,1,0,0,1,100
Brazilian,4.0,2,10,0,0,1,0,0,3,250
Breadline,2.0,3,11,0,1,0,0,0,1,40
Breaking Bad,3.0,14,8,0,1,0,0,0,,70
Breeze Crack,1.8,4,7,0,0,1,0,0,1,80
Bridal Path,1.5,2,7,0,0,1,0,0,2,
Bridal Veil Falls,2.8,12,,0,0,1,0,0,1,80
Brightly Colored Males,2.0,8,6,0,0,1,0,0,1,70
Bro Crack,3.0,2,8,0,0,1,0,0,,60
Broken Broom,3.5,11,10,0,0,1,0,0,1,70
Broken Hammer,1.0,0,3,0,0,1,0,0,2,170
Broken Pedals,1.5,2,6,0,0,1,0,0,1,50
Broken Sling,3.1,71,8,0,0,1,0,0,2,140
Bronto Platter,1.0,0,6,0,0,1,0,0,1,70
Brownies and Beer,3.0,1,9,0,0,1,0,0,,90
Buck Hunter,1.5,2,10,0,1,0,0,0,1,80
Buckbeek,3.0,1,9,1,0,0,0,0,,
Buckwheat,3.0,4,9,0,1,0,0,0,2,120
Bullfrog,2.5,4,12,0,0,1,0,0,1,80
Bulogna,1.0,1,9,1,0,0,0,0,1,30
Bulwark,1.0,1,7,0,0,1,0,0,1,30
Bunk Arete,2.3,31,6,0,0,1,0,0,1,50
Bunny Slope,3.0,1,8,0,0,1,0,0,1,40
Bunny,2.5,185,6,0,0,1,0,0,1,100
Bush League,2.2,5,8,0,0,1,0,0,,
Bush Lite,2.0,1,7,0,0,1,0,0,1,90
Bushido (Pitch 1 only),3.0,1,10,0,0,1,0,0,1,90
Butter My Butt And Call Me A Biscuit,2.0,2,8,0,0,1,0,0,,90
Butterflies are Free,3.0,12,8,0,0,1,0,0,1,130
Buttress Slide,3.0,1,4,0,0,1,0,0,2,1450
Buzz Junky,1.3,3,7,0,0,1,0,0,1,35
"By the Toe, direct start",2.0,3,9,0,0,1,0,0,,60
ByGolly Gully,1.0,0,,0,0,1,0,0,4,400
C-Tips,3.5,4,10,0,1,0,0,0,,100
Cabin Fever,1.0,0,4,0,0,1,0,0,1,60
Cadet Buster,2.0,1,10,0,1,0,0,0,1,
Cakewalk,2.7,72,7,0,0,1,0,0,1,80
Calisthenic,1.8,10,7,0,0,1,0,0,3,225
Cam's Cool Chimney,3.0,1,6,0,0,1,0,0,1,60
Can He Share?,2.4,5,8,1,0,0,0,0,1,40
Canes Crack,2.0,1,5,1,0,0,0,0,1,30
Cap'n Ahab,1.0,0,9,0,0,1,0,0,1,
Captain's Log,1.5,16,4,0,0,1,0,0,1,50
Captian Hooks,4.0,1,12,0,0,1,0,0,1,90
Carbs and Caffeine,3.7,33,11,0,0,1,0,0,2,140
Cardiac Corner,3.0,2,9,0,0,1,0,0,1,60
Caribou Barbie,3.0,4,10,0,0,1,0,0,,90
Carpenter & Das,2.7,11,8,0,0,1,0,0,2,140
Carrot Face,1.7,3,3,1,0,0,0,0,1,30
Casa Emilio,2.5,33,4,0,0,1,0,0,2,150
Casablanca,2.6,28,9,0,0,1,0,0,2,190
Casanova,2.0,1,9,0,0,1,0,0,,150
Cascade Lichen Dance,2.3,3,10,0,0,1,0,0,1,150
Cascade Mountain Slide,2.8,4,,0,0,1,0,0,,2000
Cascading Crystal Kaleidoscope (CCK),3.7,241,8,0,0,1,0,0,3,250
Case Route,3.0,2,5,0,0,1,0,0,6,1000
Casual Observer,3.5,15,11,0,0,1,0,0,2,200
Cat Scratch Fever,2.2,4,9,0,1,0,0,0,1,40
Caterpillar Chimney,1.0,0,5,0,0,1,0,0,1,80
Catharsis,3.5,18,5,0,0,1,0,0,4,490
Catnip,2.3,7,6,0,0,1,0,0,1,50
Caveman Cam,1.0,1,7,0,0,1,0,0,1,80
CB Love Grannys,1.0,2,12,0,0,1,0,0,1,40
CC Route,2.4,27,7,0,0,1,0,0,1,60
CCK Direct,3.8,99,9,0,0,1,0,0,2,240
Center Climb,3.0,2,7,0,0,1,0,0,1,90
Certified Raw,2.7,3,10,0,0,1,0,0,1,90
Chalk Full O' Nuts ,3.0,1,10,0,0,1,0,0,1,50
Charie,1.9,9,10,1,0,0,0,0,1,35
Cheap Thrills,2.8,4,10,0,0,1,0,0,1,100
Cheese Grits,2.0,12,6,0,0,1,0,0,1,45
Cherokee,3.0,17,9,0,0,1,0,0,,100
Chess Club Crack,1.0,0,4,0,0,1,0,0,2,110
Chesty Puller,3.0,2,11,0,0,1,0,0,1,90
Chik'n Garbonzo,2.0,1,6,0,0,1,0,0,1,70
Chilblain,1.0,0,6,0,0,1,0,0,1,35
Child's Play,1.5,2,10,0,0,1,0,0,,
Chiller Pillar,2.9,11,,1,0,0,0,0,1,100
China Groove,1.0,3,5,0,0,1,0,0,1,90
Chock full o' nuts,3.0,1,6,0,0,1,0,0,2,230
Chocoholic,2.8,6,11,0,0,1,0,0,1,60
Chopper Noise,2.7,3,9,0,0,1,0,0,1,40
Chopping Block,1.0,0,11,0,0,1,0,0,1,80
Chossmonaut,1.0,0,6,0,0,1,0,0,3,270
Chossy?,1.0,0,10,1,0,0,0,0,1,40
Christine,3.3,11,10,0,0,1,0,0,1,90
Chronic Fixation,2.4,5,10,0,1,0,0,0,,50
Chunky Chimbly,1.0,2,4,0,0,1,0,0,,30
Chuting Lane,1.0,1,6,0,0,1,0,0,1,65
Circuit Breaker,3.0,4,10,1,0,0,0,0,1,40
Cirrhosis,3.5,14,9,0,0,1,0,0,2,150
City Lights,2.9,160,8,0,0,1,0,0,2,180
City Streets,2.0,26,10,0,0,1,0,0,1,60
Classic,2.9,185,7,0,0,1,0,0,2,140
Classy,2.4,14,8,0,0,1,0,0,1,90
Cleveland,2.0,3,8,0,0,1,0,0,1,150
Climax,2.8,6,,0,0,1,0,0,1,120
Climb and Punishment,2.2,4,11,0,0,1,0,0,1,50
Climber's Yodel,1.5,4,7,0,1,0,0,0,1,40
Climbski,2.3,3,5,1,0,0,0,0,1,30
Clover,2.2,19,7,0,0,1,0,0,1,95
Clutch and Cruise,2.6,29,8,0,0,1,0,0,1,80
Co-op,2.0,3,8,0,0,1,0,0,2,200
Coach's Route,2.0,1,5,0,1,0,0,0,1,35
Coexistence,3.6,78,10,0,0,1,0,0,1,60
Coffee Achievers,3.8,5,10,0,0,1,0,0,1,100
Coffee Shop Panorama ,2.0,1,8,0,0,1,0,0,1,40
Cold Turkeys,2.5,20,9,0,0,1,0,0,2,180
Columbia,2.4,57,9,0,0,1,0,0,2,200
Comedy In Three Acts,2.2,10,11,0,0,1,0,0,1,50
Commando Rave,2.4,20,9,0,0,1,0,0,1,120
Commencement,3.0,1,10,1,0,0,0,0,1,60
Completely Francois,1.0,0,10,1,0,0,0,0,,
Coney Five-Oh,1.0,0,,0,0,1,0,0,1,160
Coney Five One,1.0,1,,0,0,1,0,0,1,160
Contos,2.1,7,4,0,0,1,0,0,1,80
Cool Cave Chimney,2.0,1,5,0,0,1,0,0,1,45
Cool Hand Dukes ,2.5,4,8,0,0,1,0,0,1,85
Cool Hand Luke,2.5,17,6,0,0,1,0,0,1,50
Cooney-Norton,3.8,4,10,0,0,1,0,0,3,320
Coors Corner,1.0,1,5,0,0,1,0,0,2,120
Cooties,1.0,2,0,0,0,1,0,0,1,60
Coprophagia,2.0,2,10,0,0,1,0,0,1,160
Core Shot,2.0,1,10,0,0,1,0,0,,60
Corktown,2.5,4,9,0,0,1,0,0,1,40
Corner of Terror,1.0,0,6,1,0,0,0,0,,
Cornerstone,3.0,3,5,0,0,1,0,0,1,40
Cornflake,1.8,12,4,0,0,1,0,0,1,30
Coronary,2.7,39,10,0,0,1,0,0,1,90
Cosmic Ray,2.0,1,7,0,0,1,0,0,1,60
Cosmopolitan Wall,3.7,9,10,0,0,1,0,0,1,150
Cotter's Corner,1.0,3,6,0,0,1,0,0,1,70
Counterstrike,1.0,1,9,0,0,1,0,0,,1
Country Roads,2.1,8,11,0,0,1,0,0,2,210
Courtyard Wall,3.0,1,9,1,0,0,0,0,,60
Cowpoke Chimney,1.8,5,7,0,0,1,0,0,1,80
Coyote Crack,1.0,5,4,0,0,1,0,0,1,80
Crack-A-Lack,2.9,11,10,1,0,0,0,0,1,55
Crack if you can,3.0,1,9,0,0,1,0,0,1,40
Crack of Dawn,2.0,2,7,0,0,1,0,0,4,200
Crack of Despondency,1.0,2,4,0,0,1,0,0,1,100
Crack of Respendent Delights,3.0,3,7,0,0,1,0,0,1,70
Crackatoa,2.0,2,9,0,0,1,0,0,1,80
Cracklosis,2.0,3,4,0,0,1,0,0,1,50
Crane Fang,1.5,2,7,0,0,1,0,0,1,45
Cranium,2.0,1,10,0,0,1,0,0,1,105
Crankenstein,1.0,0,11,0,0,1,0,0,1,50
Crankzilla,1.0,0,8,0,0,1,0,0,1,40
Crash and Burn,4.0,1,9,0,0,1,0,0,1,120
Crash Dummy Arete,1.0,0,10,1,0,0,0,0,1,50
Craterface,1.0,0,4,0,0,1,0,0,1,45
Crazy Lace,2.0,2,8,0,0,1,0,0,1,95
CrazyDog's Halo,3.0,1,8,0,0,1,0,0,3,500
Creaky Joints and Trigger Points,2.1,8,10,0,0,1,0,0,1,70
Creation of the World,3.6,5,10,0,0,1,0,0,3,350
Credibility Gap,2.8,71,6,0,0,1,0,0,2,160
Cretin Corner,2.0,1,7,0,0,1,0,0,2,120
Crimp Crack,3.0,1,7,1,0,0,0,0,1,22
Crimp Scampi,2.0,1,11,0,1,0,0,0,1,35
Crimps Are For Pimps,2.0,3,11,0,0,1,0,0,1,80
Crimson Corner,1.0,3,0,0,0,1,0,0,1,40
Cripple Creek,2.0,1,8,0,0,1,0,0,1,110
Criss Cross Direct,2.8,49,10,0,0,1,0,0,2,180
Criss,2.2,6,11,0,0,1,0,0,2,
Critical Crimps,3.9,12,10,0,0,1,0,0,1,125
Crooks & Nannies,1.0,1,7,0,0,1,0,0,1,45
Cross Dresser,2.0,3,7,0,0,1,0,0,,50
Crossway,1.6,5,6,0,0,1,0,0,1,170
Crotalid,3.7,3,10,0,1,0,0,0,,60
Crow's Nest Egg,1.5,2,10,0,0,1,0,0,1,60
Crucifix,2.2,5,8,0,0,1,0,0,1,90
Cruise Control,3.4,11,9,0,0,1,0,0,2,160
Crusty Waffles,1.3,3,10,0,0,1,0,0,1,100
Cuba Libre,1.8,4,7,0,0,1,0,0,1,30
Cuckoo's Arete,2.0,1,8,0,0,1,0,0,1,70
Cujo,2.0,3,8,0,0,1,0,0,1,90
Curbar Edge,2.2,5,9,1,0,0,0,0,,30
Cure Cottage,2.7,3,8,0,0,1,0,0,1,80
CWI,2.2,30,6,0,0,1,0,0,1,50
Dacker Cracker,2.8,16,10,0,0,1,0,0,1,70
Daddy Long Legs,2.5,2,9,0,0,1,0,0,1,60
Dance on a Volcano,2.0,1,0,1,0,0,0,0,1,40
Dany's Demise,2.0,2,7,0,0,1,0,0,,30
Dark Speed,2.0,1,4,0,0,1,0,0,2,200
Darkest Argentina,1.0,1,7,0,0,1,0,0,,
Darmok,2.0,2,7,0,0,1,0,0,1,100
Das Wiggles,1.0,2,3,0,0,1,0,0,1,75
Dat-Mantel,1.9,13,10,0,0,1,0,0,1,40
Dave's A-Peelin',3.0,2,9,0,0,1,0,0,,50
Day of Madness,3.0,1,8,0,0,1,0,0,1,50
Day Tripper,4.0,1,11,0,0,1,0,0,,70
Daydream,1.8,4,4,0,0,1,0,0,2,120
DD Route,2.2,4,10,0,0,1,0,0,1,50
Dead Battery,3.0,1,8,0,0,1,0,0,1,45
Dead Tree Dihedral,3.0,1,7,1,0,0,0,0,1,85
Deja View,2.0,1,8,0,0,1,0,0,3,430
Delusions of Grandeur,1.0,0,9,0,0,1,0,0,2,190
Democralypse Now,2.0,1,10,0,0,1,0,0,,100
Dennis,2.3,149,5,0,0,1,0,0,1,120
Dental Hygienist,1.0,0,4,0,0,1,0,0,2,140
Desperado,2.6,11,10,0,0,1,0,0,1,90
Detention,1.0,0,12,1,0,0,0,0,1,70
Detoxification,2.0,1,8,0,0,1,0,0,1,90
Devil Wears Prana,2.0,2,10,0,0,1,0,0,1,50
Devil Won't Care,2.8,12,8,0,0,1,0,0,1,65
Devil's Corner,3.5,2,11,0,0,1,0,0,1,65
Devo,2.7,11,8,0,1,0,0,0,1,95
Devonshire Pillar,1.0,0,8,0,0,1,0,0,,
Dexter's Dugout,1.5,4,8,0,0,1,0,0,1,65
Diagon Alley,2.0,1,8,1,0,0,0,0,,
Diagonal Chockstone Chimney,1.0,3,4,0,0,1,0,0,2,140
Diamond and Coal,2.7,27,6,0,0,1,0,0,1,60
Diamondback,1.7,3,8,0,0,1,0,0,1,90
Diamonds Aren't Forever ,2.2,11,10,0,1,0,0,0,1,100
Diana,2.2,6,8,0,0,1,0,0,2,
Dick's Prick,1.0,3,6,0,0,1,0,0,,40
Die By The Drop,3.2,4,10,0,1,0,0,0,,90
Dig It,2.3,3,7,0,0,1,0,0,,60
Directissima,3.6,215,9,0,0,1,0,0,2,120
Directississima,3.8,106,10,0,0,1,0,0,1,200
Dirty Chimney,1.5,15,0,0,0,1,0,0,,100
Dirty Corner,1.0,1,2,0,0,1,0,0,1,35
Dirty Gerdie,2.2,58,8,0,0,1,0,0,1,60
Dirty V,1.4,5,8,0,1,0,0,0,,45
Dis-Mantel,2.1,27,10,0,0,1,0,0,1,80
Disappearing Act,1.0,0,8,0,0,1,0,0,1,50
Disco Death March,2.0,3,10,0,0,1,0,0,1,50
Discovered Check,2.5,4,8,0,0,1,0,0,1,65
Disney Point,3.0,9,10,0,0,1,0,0,1,50
Disneyland,3.2,182,6,0,0,1,0,0,2,155
Diva,3.1,7,10,0,1,0,0,0,,95
Divide By Zero,2.0,1,9,0,0,1,0,0,,50
Dividing Line,2.0,1,9,0,0,1,0,0,2,90
Divine,2.2,5,6,0,0,1,0,0,1,50
Do Me A Solid,4.0,1,10,0,1,0,0,0,1,110
Dobsonfly,1.3,3,7,0,0,1,0,0,1,70
Doesn't Matter,2.0,1,11,1,0,0,0,0,,
Dog Pounder,2.7,6,10,0,1,0,0,0,1,50
Dogleg Right,2.4,16,,0,0,1,0,0,1,200
Done Broke the Code,1.0,1,7,0,1,0,0,0,1,
Don't Cry Over Spilt Milt,1.0,2,,1,0,0,0,0,1,90
Dont Flake Out,2.0,1,7,0,0,1,0,0,1,55
Don't Shoot,1.0,1,4,0,0,1,0,0,2,200
Doodle Bug,2.5,2,9,0,0,1,0,0,,100
Dorsal Fin AKA Brain Strain,3.0,1,9,0,0,1,0,0,1,70
Double Chin,2.4,104,5,0,0,1,0,0,1,80
Double Clutch,2.2,36,9,0,0,1,0,0,1,30
Double Crack,3.6,132,8,0,0,1,0,0,,150
Double Diamonds,3.0,1,10,0,0,1,0,0,1,40
Double Quacks,1.0,2,7,0,0,1,0,0,1,60
Dr Death,2.0,1,8,0,1,0,0,0,1,
Drag Queen,2.0,3,6,0,0,1,0,0,1,50
Dragon's Belly,2.0,1,7,0,0,1,0,0,1,30
"Drama Queen  (a.k.a. ""Short Fiction"")",2.0,3,5,0,0,1,0,0,1,40
Draw Blood,1.0,1,,0,0,1,0,0,1,50
Dream a Little Dream,3.5,2,,0,0,1,0,0,1,60
Dreaming of Anything,2.0,2,10,0,0,1,0,0,1,50
Dreaming of PJ,2.8,9,8,0,0,1,0,0,1,50
Drifter,1.0,3,10,0,0,1,0,0,1,90
Drip Brewed,2.0,1,,0,0,1,0,0,1,30
Drive,1.0,1,9,0,0,1,0,0,2,150
"Drop, Fly, or Die",4.0,30,11,0,0,1,0,0,1,80
Drumthwacket,2.0,1,7,0,0,1,0,0,1,70
Drunkard's Delight,3.0,154,8,0,0,1,0,0,2,180
Dry Heaves,2.6,49,8,0,0,1,0,0,,80
Dry Martini,2.1,21,7,0,0,1,0,0,3,
D.S.B,2.0,1,8,0,0,1,0,0,2,150
Dukes of Hazard,2.0,1,11,0,1,0,0,0,1,35
Dunce's Corner,2.5,19,8,0,0,1,0,0,1,70
Dweezil,1.5,6,7,0,1,0,0,0,,65
Dynamo Hum,1.0,1,9,0,0,1,0,0,2,250
E-stim,2.8,10,6,0,0,1,0,0,2,135
Eagle Crack,1.0,1,12,0,0,1,0,0,1,50
Eagle Slide,3.6,11,,0,0,1,0,0,,1300
Earth Dragon,2.2,4,9,0,0,1,0,0,1,35
Earthly Night,3.7,7,11,0,1,0,0,0,3,270
East by Southwest,2.0,1,10,1,0,0,0,0,,50
East Chimney,1.5,2,6,0,0,1,0,0,,50
East Crag,3.5,2,,1,0,0,0,0,,75
East Face,2.0,1,,0,0,1,0,0,1,40
East LA,2.0,2,8,0,0,1,0,0,,45
"East Pillar, east face",2.5,2,8,0,0,1,0,0,1,60
Easter Time Too,2.7,42,8,0,0,1,0,0,1,60
Easy Crack,1.6,7,2,0,0,1,0,0,1,50
Easy Edge,1.4,8,4,0,0,1,0,0,1,70
Easy Keyhole,1.6,58,2,0,0,1,0,0,,
Easy Overhang,2.7,129,2,0,0,1,0,0,2,160
Easy Rider,1.6,21,6,0,0,1,0,0,1,40
Easy Sqeeze,1.0,1,3,0,0,1,0,0,1,120
Easy Verschneidung (Easy V),2.4,61,3,0,0,1,0,0,3,260
Eat Yourself a Pie,2.9,31,8,0,0,1,0,0,1,80
Eatin' Tripe and Lichen It,3.0,5,8,0,0,1,0,0,2,130
Ectoplasmic Remains,3.0,2,9,0,0,1,0,0,1,100
Eddy,2.0,1,4,0,0,1,0,0,1,65
Educational Corner,2.0,1,3,1,0,0,0,0,,30
El Camino,3.2,4,11,0,0,1,0,0,,70
El Muerte Rojo,1.7,6,6,0,0,1,0,0,1,50
El Regalo,4.0,1,10,0,1,0,0,0,1,85
El Supremo,3.3,3,11,0,0,1,0,0,,90
Elapsid,1.8,4,7,0,1,0,0,0,,65
Elder Cleavage Direct,3.1,31,10,0,0,1,0,0,3,320
Elf Stone,2.0,1,7,0,0,1,0,0,1,80
Elmer Fudd,2.0,1,3,1,0,0,0,0,1,20
Elusive Bastard,3.0,2,11,0,0,1,0,0,,60
Elusive Dream (pitch 1 only),2.0,6,10,0,0,1,0,0,,40
Emerald Slabs,2.0,1,,0,0,1,0,0,4,500
Emilietta,1.0,3,4,0,0,1,0,0,2,200
Emily Doesn't Have a Clue,2.2,4,8,0,0,1,0,0,1,50
Empress,3.4,35,5,0,0,1,0,0,7,865
End of the Line,1.0,1,10,0,1,0,0,0,1,40
Enduro Man's Longest Hangout,4.0,7,11,0,0,1,0,0,3,230
English Channel,1.0,3,10,0,0,1,0,0,1,35
Ent Line,2.7,42,10,0,0,1,0,0,1,80
Eowyn,2.6,9,4,0,0,1,0,0,2,190
Epiclepsy,2.0,2,10,1,0,0,0,0,2,110
Equis,2.2,18,7,0,0,1,0,0,1,100
Erect Direction,3.7,70,10,0,0,1,0,0,3,300
Escalator to Heaven,1.0,1,,0,0,1,0,0,1,75
Esthesia,3.6,60,10,0,0,1,0,0,1,90
Every Creature's Theme,2.0,2,5,0,0,1,0,0,1,130
Exit Stage Left,2.0,1,,0,0,1,0,0,1,80
Expiration 66,1.5,2,9,0,0,1,0,0,1,40
Exuberance,2.4,8,9,1,0,0,0,0,1,60
Eyebrow,1.6,17,6,0,0,1,0,0,1,130
Eyesore,3.0,7,6,0,0,1,0,0,1,100
Face of a Thousand Cracks,1.5,4,6,0,0,1,0,0,,30
Face off in Albania,3.0,2,10,0,1,0,0,0,,40
Face to Face,3.4,36,10,0,0,1,0,0,3,270
Fafnir,1.5,2,8,1,0,0,0,0,1,25
Faithful Journey,1.8,12,8,0,0,1,0,0,,230
Fall to Grace,2.5,2,11,0,0,1,0,0,1,160
Falled on Account of Strain,3.5,47,10,0,0,1,0,0,2,160
Family Jewels,2.1,25,8,0,0,1,0,0,1,65
Fancy Feet,2.0,1,10,0,0,1,0,0,,55
Fancy Free,2.1,9,8,0,0,1,0,0,,50
Fancy Idiot,1.4,17,6,0,0,1,0,0,2,130
Fang This!,3.0,1,10,1,0,0,0,0,,
Fang Time,2.0,4,9,0,0,1,0,0,1,75
Far from the Madding Crowd,2.3,15,8,0,0,1,0,0,1,70
Farewell to Arms,2.9,63,8,0,0,1,0,0,,90
Fast and Furious,2.3,19,8,0,0,1,0,0,1,55
Fat and Flabby,1.0,1,11,0,0,1,0,0,1,50
Fat and Weak,2.5,2,6,0,0,1,0,0,,
Fat City Direct,4.0,33,10,0,0,1,0,0,1,150
Fat Crack,2.0,4,7,0,0,1,0,0,1,50
Fat People Are Harder To Kidnap,1.7,3,9,0,0,1,0,0,1,45
Fat Stick Direct 5.10b,2.6,14,10,0,0,1,0,0,3,180
Fat Stick,2.4,17,7,0,0,1,0,0,2,200
Fawn Crack,1.8,4,7,0,0,1,0,0,1,65
Fear and Loathing in Keene Valley,3.8,23,11,0,0,1,0,0,1,80
Fear of touching Aerie,3.8,4,10,0,0,1,0,0,4,350
Fearsome Fern Flake,2.5,2,9,1,0,0,0,0,,1
Feast of Fools,3.6,104,10,0,0,1,0,0,2,250
Felonious Mopery,1.2,4,9,0,0,1,0,0,1,50
Fetus,1.0,4,9,0,0,1,0,0,1,110
Fickle Fingers,3.0,32,10,0,0,1,0,0,1,70
Fifi Fingers,2.0,1,10,0,1,0,0,0,1,70
Fifty-Foot Fright Fest,1.0,1,9,1,0,0,0,0,1,130
Fifty foot of love,4.0,1,10,0,0,1,0,0,1,50
Figaro,2.0,3,7,0,0,1,0,0,1,50
Fillipina,2.8,24,9,0,0,1,0,0,,
Final Frontier,2.5,2,8,0,0,1,0,0,3,280
Fine Pine Line,2.3,3,7,0,0,1,0,0,1,40
Finger It Out,2.1,9,10,0,0,1,0,0,1,60
Finger Locks or Cedar Box,2.3,101,5,0,0,1,0,0,1,50
Fipi Lele,1.0,1,6,0,0,1,0,0,,60
Firecracker,2.7,6,7,0,0,1,0,0,1,70
Fireworks,2.0,1,7,0,0,1,0,0,1,75
Firing Line,3.0,1,11,0,0,1,0,0,2,160
First Day,2.5,11,7,0,0,1,0,0,1,60
First Trapps Chimney,1.7,9,5,0,0,1,0,0,1,80
Fits and Arms,1.0,1,6,0,0,1,0,0,1,60
Fitschen's Folly,2.2,17,8,0,0,1,0,0,,50
Five Star Crack,3.0,13,8,0,0,1,0,0,1,70
Flake n' Take,1.0,0,10,1,0,0,0,0,1,40
Flapjack,1.3,3,7,0,0,1,0,0,1,40
Flashdance,2.0,2,10,0,0,1,0,0,4,275
Flavor of the Day,2.5,4,12,0,0,1,0,0,1,45
Flexi Flyer,1.7,9,9,0,0,1,0,0,1,80
Flight of the Falcon,3.0,6,9,0,0,1,0,0,1,80
Floops,3.5,22,10,0,0,1,0,0,1,75
Flume,2.0,1,5,0,0,1,0,0,1,60
Fly Again,2.8,9,11,0,0,1,0,0,1,80
Flying & Drinking and Drinking & Driving,3.8,35,10,0,0,1,0,0,1,100
Flying Buttman,1.5,2,8,1,0,0,0,0,1,45
Flying Friends,2.0,3,7,0,0,1,0,0,1,110
Flying Squirrels,3.5,2,11,0,0,1,0,0,,100
Fo Shoa!,1.0,1,6,1,0,0,0,0,1,22
Fool in the Forest,1.0,0,7,0,0,1,0,0,1,35
Fool's Overture,1.5,2,10,1,0,0,0,0,,30
Foops,4.0,2,11,0,0,1,0,0,1,120
Footloose,1.8,8,8,0,0,1,0,0,,
For Whom the Lichen Tolls,3.0,1,9,0,0,1,0,0,1,40
Force Nine,2.5,2,9,0,0,1,0,0,1,60
Foretaste,1.0,1,2,0,0,1,0,0,1,20
Forever Wild,3.2,8,10,0,0,1,0,0,1,100
Forgotten Days,1.0,0,5,0,0,1,0,0,1,120
Fossil Fools,1.7,3,6,0,0,1,0,0,1,100
Four-Foot Face,1.0,0,3,0,0,1,0,0,2,90
Four Guns Blazing,2.6,5,11,0,1,0,0,0,1,50
Four Ounces to Freedom,4.0,1,12,0,1,0,0,0,,90
Fox Lair,1.0,1,,0,0,1,0,0,1,60
Frack,2.2,5,8,0,0,1,0,0,1,90
Frankenpine,1.3,3,6,0,0,1,0,0,1,60
Freak Accident with Gasoline,2.2,8,9,0,1,0,0,0,1,80
Freckles and No Lipstick,1.5,4,9,0,0,1,0,0,1,45
Fred P. Jones,3.6,8,10,1,0,0,0,0,,30
Freddie Kreuger,3.0,2,12,1,0,0,0,0,,50
Free Ride,3.6,5,11,0,0,1,0,0,8,735
Freedom Flight,4.0,2,10,0,0,1,0,0,3,420
Freudian Slip,2.4,5,9,0,1,0,0,0,3,400
Frick,3.2,5,8,0,0,1,0,0,1,90
Friends and Lovers,2.6,45,9,0,0,1,0,0,3,230
(Fritz) Wiesner Route,2.6,22,6,0,0,1,0,0,2,300
Fritzie's Honor,3.5,2,9,0,0,1,0,0,1,85
Frog Spit,2.0,1,7,1,0,0,0,0,1,22
Frog's Head,3.1,290,6,0,0,1,0,0,2,160
Frosted Mug,3.8,68,9,0,0,1,0,0,,90
Frustration Syndrome,2.7,41,10,0,0,1,0,0,1,60
Full Face (pitch 2 only),2.0,1,6,0,0,1,0,0,1,70
Full Moon Fever,2.2,6,7,0,1,0,0,0,1,50
Full Recovery,2.8,4,6,0,0,1,0,0,2,140
Fun City,3.4,39,7,0,0,1,0,0,1,100
Fun Country,2.4,7,10,0,0,1,0,0,,130
Funny Face,1.4,12,5,0,0,1,0,0,2,180
Fuzzy Tights,2.0,1,6,0,0,1,0,0,,35
G-String Giants,2.5,2,8,0,0,1,0,0,1,100
Gamesmanship,3.6,65,8,0,0,1,0,0,5,500
Gamma Ray Arete,3.0,1,9,0,0,1,0,0,1,70
Garand Arete,4.0,1,10,0,0,1,0,0,1,90
Garden of Leadin',3.7,3,10,0,1,0,0,0,1,130
Gargoyle,3.7,3,5,0,0,1,0,0,1,125
Gaston,2.0,2,8,0,0,1,0,0,3,240
Gelsa,3.5,186,4,0,0,1,0,0,3,195
Gemini,2.5,2,9,0,0,1,0,0,1,70
Gentlemen Return Fire,1.0,0,12,1,0,0,0,0,1,25
Genuflect,2.3,6,6,0,0,1,0,0,1,50
Geriatric Profanity Disorder,3.0,2,10,0,0,1,0,0,1,80
Geronimo,2.8,18,8,0,0,1,0,0,1,100
Getcher Breakfast,1.5,2,10,0,1,0,0,0,1,35
Getting Biblical,1.0,1,8,0,0,1,0,0,1,60
Giddah!,2.3,9,6,0,0,1,0,0,1,80
Gimme Three Steps,1.8,12,3,0,0,1,0,0,1,40
Giucco Piano,1.7,3,8,0,0,1,0,0,1,65
Glee Club Crack,1.6,5,3,0,0,1,0,0,1,100
Glypnod,2.1,27,8,0,0,1,0,0,2,210
Glyptodon,1.7,3,8,0,0,1,0,0,1,100
Goat Crack,1.3,6,2,0,0,1,0,0,,40
Goat Crap or The Ladder,2.0,1,3,0,0,1,0,0,,
Gob Hoblin,2.0,23,7,0,0,1,0,0,1,90
Going to Thee,1.0,0,7,0,0,1,0,0,1,40
Gold,4.0,1,10,0,0,1,0,0,1,100
Golden Showers,2.8,12,11,0,0,1,0,0,1,60
Goldilocks,2.0,1,6,0,0,1,0,0,1,50
Good and Plenty,2.0,1,11,0,0,1,0,0,1,90
Good Dough,1.8,11,5,0,0,1,0,0,1,80
Good Friday Climb,2.5,23,9,0,0,1,0,0,1,50
Goosesteps,2.0,2,10,0,0,1,0,0,1,40
Gorgonzola,1.0,0,8,1,0,0,0,0,,
Gorilla My Dreams,2.0,15,7,0,0,1,0,0,3,
Gory Thumb,2.3,32,9,0,0,1,0,0,2,200
Gothic Arch,1.0,0,9,1,0,0,0,0,,
Gothics Arch,2.2,5,6,0,0,1,0,0,7,800
Gottlieb's Roof,4.0,1,,0,0,1,0,0,2,200
Gouda Climb,1.0,1,8,0,0,1,0,0,1,
Grand Central,3.1,67,9,0,0,1,0,0,2,160
Grandson of Circuitous Shit,2.0,1,8,0,0,1,0,0,1,120
Grapes of Wrath,2.5,4,11,0,0,1,0,0,1,90
Graveyard Shift,3.8,30,10,0,0,1,0,0,1,80
Grease Gun Groove,2.6,73,6,0,0,1,0,0,,80
Great Chimney,2.4,8,6,0,0,1,0,0,3,200
Great Job,2.0,2,7,0,0,1,0,0,1,85
Green Onion,2.7,9,8,0,0,1,0,0,1,100
Greensleeves,2.7,3,6,0,0,1,0,0,3,350
Grim-Ace Face,3.0,35,9,0,0,1,0,0,3,200
Grin and Bear It,2.5,2,8,0,0,1,0,0,,90
Gripe of Wrath,1.3,3,7,0,1,0,0,0,1,30
Groovitational Pull,3.7,9,10,0,0,1,0,0,2,260
Groovy,2.4,67,8,0,0,1,0,0,1,70
Ground Control,2.4,7,9,0,0,1,0,0,,
Group Therapy,2.1,8,9,0,0,1,0,0,1,90
Gun Show,2.7,6,10,0,0,1,0,0,1,30
Gunkish,2.1,7,6,0,1,0,0,0,1,
Gunks Burghers,1.3,3,5,0,0,1,0,0,1,80
Gunky Route,2.0,2,9,0,0,1,0,0,1,75
Gypsy's Curse,1.0,1,5,0,0,1,0,0,,60
H1N1,2.0,3,8,0,1,0,0,0,1,32
H2 Alpine,1.0,0,6,0,0,1,0,0,3,400
Habanero Balls,3.0,1,12,0,0,1,0,0,1,40
Hackett Corner,3.3,3,10,0,0,1,0,0,,100
Haggis,1.0,1,6,0,0,1,0,0,1,50
"Half Man, Half Wit",2.0,2,9,0,0,1,0,0,1,40
Halfbeak,1.0,2,8,0,0,1,0,0,1,80
Halitosis,1.0,1,8,0,0,1,0,0,1,60
Hamburger Face,1.0,1,10,1,0,0,0,0,1,30
Handy Andy,1.9,19,7,0,0,1,0,0,,60
Hang 'Em High,2.2,5,11,0,0,1,0,0,1,80
Hang Man,1.0,1,4,1,0,0,0,0,1,30
Hang Ten,2.2,11,10,0,0,1,0,0,1,
Hang Time,3.4,5,11,0,0,1,0,0,1,125
Hangover Remedy ,3.0,1,,0,0,1,0,0,1,100
Hanky,2.2,6,8,0,0,1,0,0,1,30
Hans' Puss,2.9,84,7,0,0,1,0,0,2,200
Happy Falling to You,1.0,1,8,0,1,0,0,0,1,
Hard Boiled,2.0,3,7,1,0,0,0,0,1,30
Hard Times,3.8,12,9,0,0,1,0,0,4,380
Harpoon Me,2.6,7,9,0,0,1,0,0,1,
Harvard,1.2,24,2,0,0,1,0,0,1,80
Harvest Moon Variation,2.0,1,11,0,1,0,0,0,1,45
Harvest Moon,3.3,26,11,0,0,1,0,0,1,65
"Hashtag, Swag, Yolo",4.0,1,11,1,0,0,0,0,1,40
Havana Club,2.0,2,5,0,0,1,0,0,1,40
Hawk,2.7,65,5,0,0,1,0,0,3,290
Hawkeye,2.5,4,9,0,0,1,0,0,2,90
Haycrack,2.0,1,3,0,0,1,0,0,1,150
Head Cement,2.5,2,7,0,0,1,0,0,,50
Head Over Heels,2.0,1,,0,0,1,0,0,1,70
Headbangers Ball,1.0,0,7,1,0,0,0,0,1,50
Headless Horseman,2.1,8,10,0,0,1,0,0,1,
Heel Hook and Hack-it,1.0,1,10,0,0,1,0,0,1,50
Herdie Gerdie,1.9,33,8,0,0,1,0,0,1,80
Here I Go Again,1.0,1,6,0,0,1,0,0,1,70
Heroes,3.3,3,8,0,0,1,0,0,4,400
Hesitation,3.1,30,8,0,0,1,0,0,4,300
Hi Coroner!,2.1,11,9,0,0,1,0,0,3,200
High Corner,2.2,32,5,0,0,1,0,0,3,225
High Electricity,3.5,2,8,1,0,0,0,0,1,25
High Exposure,3.8,590,6,0,0,1,0,0,2,250
High Jinx,1.0,1,9,0,0,1,0,0,1,
High Plains Drifter,2.7,3,10,0,0,1,0,0,2,200
High-Rise Tightie Whities,1.5,2,10,0,1,0,0,0,1,50
Higher Stannard,3.0,95,9,0,0,1,0,0,3,200
Hillyer Ravine,3.0,1,,0,0,1,0,0,4,200
hoedown,1.8,4,8,0,0,1,0,0,1,70
Hogwarts,3.0,1,9,1,0,0,0,0,,
Hold the Mayo,2.2,4,9,0,0,1,0,0,1,110
Hole In One,1.0,1,4,0,0,1,0,0,1,35
Hollie's High Step,1.7,3,8,0,0,1,0,0,,70
Holy Grail,2.0,1,10,0,0,1,0,0,1,100
Honey Badger Don't Care,2.3,3,7,1,0,0,0,0,1,70
Honeybadger,3.9,10,10,0,1,0,0,0,1,90
Honky Tonk Woman,2.4,13,9,0,0,1,0,0,1,80
Hooky,2.0,1,6,0,0,1,0,0,4,190
Hooters,2.0,10,6,0,0,1,0,0,1,50
Horseman,3.4,411,5,0,0,1,0,0,1,120
Hot Compress,3.0,1,12,0,1,0,0,0,,50
Hot Wire,2.0,2,8,0,1,0,0,0,1,
House of Cards,4.0,1,13,0,0,1,0,0,1,100
How It's Done,2.0,1,8,0,0,1,0,0,,60
"Hudson's Boulder Problem, aka Trashcan Overhang",2.4,13,11,0,0,1,0,0,,
Hump-and-Dump aka Bodyrock,1.0,2,6,1,0,0,0,0,1,50
Hung Like Benedict,1.0,0,10,1,0,0,0,0,,
Hyjek's Horror,2.3,37,8,0,0,1,0,0,1,60
I am Lesion,2.0,2,10,0,1,0,0,0,1,35
I Don't Want No Scrub,2.0,2,8,0,0,1,0,0,1,90
Ice Capades,2.2,4,,0,0,1,0,0,1,120
I'd Rather Be In Iowa,2.5,2,8,0,1,0,0,0,,60
Iditarod,2.0,1,8,0,1,0,0,0,3,400
Immaculate Virgin,2.3,18,6,0,0,1,0,0,2,190
Immigrant Song,2.2,4,,0,0,1,0,0,1,50
Impulse Drive,1.0,1,8,0,0,1,0,0,1,60
In the Beginning,1.0,1,7,0,0,1,0,0,2,320
In The Buff,2.0,2,9,0,0,1,0,0,1,
In The Groove,2.0,43,6,0,0,1,0,0,2,120
In The Rough,2.5,29,7,0,0,1,0,0,1,70
In the Silly,1.5,2,3,0,0,1,0,0,1,100
Incognito,2.4,7,8,0,0,1,0,0,1,75
Independence Pass Variation,2.0,1,9,0,1,0,0,0,,40
Independence Pass,2.0,1,10,0,1,0,0,0,1,40
Independence,2.0,3,4,0,0,1,0,0,,60
Independent Hangover,2.0,1,10,0,0,1,0,0,2,
Induhvidual,2.0,1,7,0,0,1,0,0,1,50
Infinite Space,3.5,4,12,0,0,1,0,0,1,60
Insuhlation,3.1,39,9,0,0,1,0,0,2,
Intensive Care,1.0,1,8,0,0,1,0,0,1,135
Interiah,1.7,6,9,0,0,1,0,0,1,90
Interlewd (Lady and the Tramp),2.0,1,6,0,0,1,0,0,2,160
Interstice,2.9,20,10,0,0,1,0,0,2,180
Into Thin Hair,2.3,3,11,0,0,1,0,0,1,90
Inverted Layback,3.2,40,9,0,0,1,0,0,2,140
Iron Cross,4.0,1,11,0,1,0,0,0,1,70
Iron Heel,2.0,2,4,0,0,1,0,0,1,180
It Ain't All It's Crack'd Up To Be,2.7,3,8,0,0,1,0,0,1,60
It Don't Come Easy,4.0,2,10,0,0,1,0,0,3,300
Ivan and the Saum,1.0,2,9,0,0,1,0,0,1,120
J. D. Memorial Route,1.0,1,10,0,1,0,0,0,1,80
J'accuse,2.5,21,10,0,0,1,0,0,1,80
Jackie,3.0,244,5,0,0,1,0,0,2,160
Jacob's Ladder,2.1,13,10,0,0,1,0,0,,50
Jake's Corner,2.0,1,7,0,0,1,0,0,,80
Jam On!,2.0,4,7,0,0,1,0,0,1,40
Jammer,2.5,2,9,0,0,1,0,0,1,70
Jane,2.3,18,7,0,0,1,0,0,1,80
Jasmine,2.6,7,8,0,0,1,0,0,2,
Jealous Dogs,2.0,1,7,0,0,1,0,0,1,150
Jean,2.2,37,9,0,0,1,0,0,1,70
Jeff-James,3.0,1,12,0,0,1,0,0,1,70
Jeff Loves Eileen,2.6,13,4,0,0,1,0,0,,40
Jeff's Wet Dream ,3.0,1,,0,0,1,0,0,1,65
Jekyll and Hyde,4.0,2,9,0,0,1,0,0,1,110
Jim's Gem,1.9,12,8,0,0,1,0,0,2,200
Jitterbug,1.0,1,4,0,0,1,0,0,,50
Joey Baggadonuts,2.6,5,8,0,0,1,0,0,1,140
John Doe,1.0,0,,0,0,1,0,0,1,35
Johnny Tsunami,3.3,6,10,0,1,0,0,0,,90
Johnson Route,2.5,6,7,0,0,1,0,0,1,90
"Jug, Tug, & Jam",2.0,3,8,0,0,1,0,0,1,60
Jugs of Beer,1.3,17,3,0,0,1,0,0,1,40
Jumbled Arete,1.5,6,3,0,0,1,0,0,1,60
Jump Bat Crack,2.0,20,8,0,0,1,0,0,1,80
Jungle Rot,1.0,1,10,1,0,0,0,0,1,20
Junior Varsity,2.2,4,5,0,0,1,0,0,1,75
Junior,2.0,20,9,0,0,1,0,0,1,50
Kaaterskill Falls - Lower,3.0,3,,0,0,1,0,0,1,55
Kaaterskill Flow,3.0,1,,0,0,1,0,0,1,75
Kalashnikov Corner,2.0,1,8,0,0,1,0,0,1,85
Kama Sutra,2.0,4,12,0,0,1,0,0,1,70
Kansas City,3.5,4,12,0,0,1,0,0,1,60
Katzenjammer,2.0,26,7,0,0,1,0,0,1,60
Keegans 5.8,1.2,6,8,0,0,1,0,0,1,40
Keep on Struttin',3.4,56,9,0,0,1,0,0,3,250
Ken's Crack,2.9,268,7,0,0,1,0,0,1,50
Kerr Route,1.5,2,6,0,0,1,0,0,1,80
Keyhole,1.8,12,7,0,0,1,0,0,1,60
Keystone Kop,2.0,2,7,0,0,1,0,0,,
Keystone,1.5,2,10,0,0,1,0,0,1,45
Kielbasy Posse,2.2,4,10,0,0,1,0,0,1,40
Kill It Before It Spreads,2.0,3,7,0,0,1,0,0,1,40
King & I,2.0,1,7,0,0,1,0,0,1,120
King of P,1.8,4,3,0,0,1,0,0,2,125
Kingdom Come,3.7,15,12,0,1,0,0,0,4,270
Kligfield's Follies,3.8,6,11,0,0,1,0,0,1,75
Knob and Chain,2.0,1,8,0,1,0,0,0,1,60
Know The Code,2.4,5,6,0,1,0,0,0,,
Krassy,1.8,4,7,0,0,1,0,0,1,50
La Mouche,2.0,1,5,1,0,0,0,0,1,30
LA Roof,3.0,1,13,0,0,1,0,0,1,50
La Spirale,3.5,2,11,0,0,1,0,0,1,85
Labatt-Ami,3.0,51,7,0,0,1,0,0,2,100
Ladder,2.4,10,7,0,0,1,0,0,1,90
Lady Luck,2.2,5,7,0,0,1,0,0,1,50
Lady's Lament-Boldville,2.5,2,8,0,0,1,0,0,2,
Lakeview,3.0,3,4,0,0,1,0,0,2,140
Land Ho!,2.0,2,9,0,0,1,0,0,2,180
Land of The Giants,2.9,14,7,0,0,1,0,0,1,100
Land's End (Direct),2.2,28,9,0,0,1,0,0,2,170
Lane Change,2.0,1,10,0,0,1,0,0,1,35
Last Frontier,2.7,19,10,0,0,1,0,0,3,200
Laughing Man,2.8,8,11,0,0,1,0,0,1,90
Laurel,2.5,222,7,0,0,1,0,0,1,50
"Lawyers, Guns, and Money",2.2,5,10,0,0,1,0,0,1,90
Layback,2.7,88,5,0,0,1,0,0,2,120
Le Jeur de Bon Heures,2.0,1,3,0,0,1,0,0,4,410
Le Plie,1.8,9,7,0,0,1,0,0,2,160
Le Teton,3.5,77,9,0,0,1,0,0,1,50
Lead 101,1.0,1,1,0,0,1,0,0,1,50
Lead 102,1.0,1,1,0,0,1,0,0,1,50
Lean and Mean,3.0,1,8,0,0,1,0,0,2,140
Leapin' Louie,1.0,1,10,0,0,1,0,0,1,40
Ledgehopper,1.0,1,5,0,0,1,0,0,5,400
Left Block,1.0,2,4,0,0,1,0,0,1,25
Left meets Right,2.0,1,8,0,0,1,0,0,1,50
Left Out,2.0,1,7,0,0,1,0,0,,70
Leftover,1.0,0,7,0,0,1,0,0,1,500
Let Sleeping Bats Lie,2.0,4,4,0,0,1,0,0,1,90
Lets Stand Him on His Head,1.0,1,1,0,0,1,0,0,,30
Lever Action,1.0,1,8,0,0,1,0,0,1,70
Lewis Elijah,3.0,2,9,0,0,1,0,0,8,700
Lichen Forty Winks,1.9,15,8,0,0,1,0,0,2,
Lichen or Not,4.0,3,11,0,0,1,0,0,1,90
Lichenbrau,2.6,7,7,0,0,1,0,0,2,170
Lick It Up,2.3,3,10,0,0,1,0,0,1,65
Life and Debt,1.8,4,8,0,0,1,0,0,1,70
Lifelong Affliction,3.2,4,8,0,0,1,0,0,1,50
Like a Box of Chocolates,1.0,1,8,0,0,1,0,0,1,90
Lil Jam,1.0,1,9,0,0,1,0,0,1,25
Limelight,3.3,247,7,0,0,1,0,0,2,180
Lisa,2.3,32,9,0,0,1,0,0,3,60
Lithium,2.3,6,10,0,1,0,0,0,1,65
Lito and the Swan,2.0,5,9,0,0,1,0,0,1,150
Little Feat,2.3,3,10,1,0,0,0,0,,30
Little Fever,1.0,2,1,0,0,1,0,0,1,50
Little Finger Direct,3.8,5,8,0,0,1,0,0,4,700
Little Finger,3.5,55,5,0,0,1,0,0,3,600
Little Gem Diner,2.9,9,6,0,0,1,0,0,1,110
Little Kisses,3.8,12,9,0,0,1,0,0,1,80
Little Wet Wall,1.6,7,5,0,0,1,0,0,1,30
Live Free or Die,2.1,21,9,0,0,1,0,0,1,40
Livin' on the Edge,1.0,1,8,0,0,1,0,0,1,80
Lloyds of Lowville,3.6,5,10,0,0,1,0,0,1,90
Lonely Challenge,1.2,4,5,0,0,1,0,0,3,80
Long Play,3.8,10,10,0,0,1,0,0,1,115
Looking Glass,3.0,1,10,1,0,0,0,0,1,30
Looper,1.6,5,4,0,0,1,0,0,1,50
Loose Goose,2.2,25,6,0,0,1,0,0,2,200
Loose Lobster,1.0,3,4,1,0,0,0,0,1,30
Los Tres Cabrones,1.3,3,9,0,0,1,0,0,3,
Losing Streak,1.0,0,8,0,0,1,0,0,1,65
Lost and Found,1.7,6,6,0,0,1,0,0,1,150
Lost Chance aka The Natural ,3.0,4,10,0,0,1,0,0,1,90
Lost in the Crowd,3.0,1,8,0,0,1,0,0,1,40
Lost in Yellow ,2.0,2,10,0,0,1,0,0,1,90
Low Exposure,2.3,12,11,0,0,1,0,0,1,40
Lower Eaves,2.1,20,9,0,0,1,0,0,1,
Lower Falls,2.0,1,,0,0,1,0,0,,40
Lunar Manscaping,2.0,1,8,0,0,1,0,0,,90
Lurch,4.0,1,11,0,1,0,0,0,2,200
Lycanthropia,3.0,4,12,0,0,1,0,0,1,100
Mac-Reppy,1.9,9,11,0,0,1,0,0,,
Macho,3.3,6,11,0,0,1,0,0,1,90
Madame Blueberry,2.0,2,5,0,0,1,0,0,1,55
Madame Grunnebaum's Wulst,3.7,283,6,0,0,1,0,0,3,210
Maestro,3.8,5,10,0,0,1,0,0,1,140
Magic Carpet Ride,2.0,1,8,0,0,1,0,0,4,490
Main Line,3.5,42,8,0,0,1,0,0,2,160
Major John Andre,1.0,0,8,0,0,1,0,0,,
Mama's Boquet,2.0,1,7,0,0,1,0,0,1,40
"Manly, Yes, But I Like It Too",2.0,1,10,0,0,1,0,0,1,50
Man's Quest for Flight,2.8,4,11,0,0,1,0,0,2,200
Margin Slide,2.0,1,,0,0,1,0,0,,700
Maria Direct,2.3,55,9,0,0,1,0,0,1,60
Maria Redirect,2.1,10,11,0,0,1,0,0,1,50
Maria,3.1,145,6,0,0,1,0,0,3,220
Marvin Gardens,1.0,1,3,0,0,1,0,0,,30
Matinee,3.4,35,10,0,0,1,0,0,2,150
Matrix Reloaded,3.5,2,8,0,0,1,0,0,4,650
May the net Forces be with You,2.0,1,7,0,1,0,0,0,1,60
Mayflower,3.0,6,10,0,0,1,0,0,3,250
Mean Low Blues,1.0,2,7,0,0,1,0,0,,60
Measly Corner,1.0,0,3,0,0,1,0,0,1,30
Medicine Man,3.8,4,11,0,0,1,0,0,,90
Men At Arms,2.9,7,10,0,0,1,0,0,1,80
Menace To Sobriety,3.6,10,10,0,1,0,0,0,1,80
Meryl's Crack,1.3,3,5,0,0,1,0,0,1,50
Message to Garcia,4.0,2,10,0,1,0,0,0,1,
MF,3.6,178,9,0,0,1,0,0,2,180
Middle Earth,2.8,128,6,0,0,1,0,0,3,250
Middle Falls,3.0,1,,0,0,1,0,0,1,45
Midnight Cowboy,2.5,4,9,0,0,1,0,0,3,250
Milil's Magic Arete,1.0,0,10,1,0,0,0,0,1,70
Minty,2.8,116,4,0,0,1,0,0,3,250
Miss Bailey,3.1,35,6,0,0,1,0,0,3,150
Mission to Mars,2.5,2,11,0,1,0,0,0,2,150
Mistah Luthah,3.5,2,12,0,0,1,0,0,1,100
Misty Mountain Hop,1.0,1,8,0,0,1,0,0,1,40
Mitty Mouse ,2.8,4,8,0,0,1,0,0,1,50
Mixamotosis,1.0,0,9,0,0,1,0,0,1,40
Moat 'Fo,1.0,1,5,1,0,0,0,0,1,22
Moby Dick,2.6,8,8,0,0,1,0,0,1,100
Modern Times,3.6,184,8,0,0,1,0,0,2,250
"Moe-hammed, Larry, & Curly",2.9,12,8,0,0,1,0,0,1,100
Moe,1.0,1,8,0,0,1,0,0,,45
MoJo Risin',3.0,1,12,1,0,0,0,0,1,50
Monkey Face ,3.0,2,10,1,0,0,0,0,1,60
Monkey,2.7,3,7,0,0,1,0,0,1,80
Monty Python,2.8,4,10,0,0,1,0,0,2,180
Moon Walk,1.5,2,10,1,0,0,0,0,1,30
Moondance,1.8,11,6,0,0,1,0,0,2,140
Moonlight,3.1,92,6,0,0,1,0,0,2,230
Moore's Bridge - Center (WI3-4),3.0,2,,0,0,1,0,0,1,60
Moore's Bridge - Gully (WI2-3),3.0,1,,0,0,1,0,0,1,130
Moore's Bridge - Left,3.0,1,,0,0,1,0,0,1,80
More or Less,1.0,1,7,0,0,1,0,0,,25
Morning After,2.5,49,8,0,0,1,0,0,3,
Morning Star,3.0,2,10,0,0,1,0,0,3,270
Morsel Line,2.0,1,8,0,0,1,0,0,1,100
Mother's Day Mayhem,2.0,1,4,1,0,0,0,0,1,40
Mother's Day Party,3.4,59,10,0,0,1,0,0,2,170
Motorcycle Diarrhias,2.5,2,10,1,0,0,0,0,1,50
Moxie,2.0,9,8,0,0,1,0,0,1,80
Mr. Clean,3.5,49,8,0,0,1,0,0,1,60
Mr. Dirty,2.0,2,6,0,0,1,0,0,1,70
Mr. P's Wurst,2.3,10,8,0,0,1,0,0,3,170
Mr. Rogers' Neighborhood,2.9,49,8,0,0,1,0,0,1,90
Muckraker,1.0,1,9,0,0,1,0,0,1,55
Muntjack,1.0,2,8,1,0,0,0,0,1,25
Mushroom Boulder,3.0,1,8,0,0,1,0,0,,50
My Climb is Ishmael,2.4,5,8,0,0,1,0,0,1,
My Favorite Martian,2.6,5,9,0,0,1,0,0,1,120
My Generation,3.7,10,10,0,0,1,0,0,3,280
Mya,2.0,1,11,1,0,0,0,0,,50
Mystery Achievement,3.7,6,9,0,0,1,0,0,1,70
Naked Truth,2.8,11,9,0,0,1,0,0,1,60
Nameless Left,1.0,0,,0,0,1,0,0,1,50
Nameless Right,1.0,1,,0,0,1,0,0,1,50
Nemesis,2.3,21,10,0,0,1,0,0,3,230
Nescafe',2.0,3,5,0,0,1,0,0,2,230
Neutron Brew,3.2,5,10,0,0,1,0,0,1,130
Never Alone,2.0,1,7,0,0,1,0,0,1,95
Never Never Land,3.4,101,10,0,0,1,0,0,1,80
Never Say Never,1.8,6,10,0,0,1,0,0,1,75
Nevermore,3.0,3,10,0,0,1,0,0,1,80
New Frontier,2.0,1,11,0,0,1,0,0,2,245
new route,1.7,3,5,0,0,1,0,0,2,70
Nice 5.9 Climb,2.1,18,9,0,0,1,0,0,,50
Nice Crack Climb,2.2,48,7,0,0,1,0,0,1,70
Niether,2.6,5,9,0,1,0,0,0,,60
Night Fall,1.5,2,10,0,0,1,0,0,1,
Night Owl,1.9,14,6,0,0,1,0,0,1,50
No Glow,2.9,58,9,0,0,1,0,0,2,270
No Man's a Pilot,3.0,2,9,0,0,1,0,0,5,500
No Man's Land,3.2,11,11,0,0,1,0,0,1,115
No Picnic,2.2,68,5,0,0,1,0,0,1,80
No Rest for the Wicked,3.5,4,9,1,0,0,0,0,1,90
No Solution,2.8,16,12,0,0,1,0,0,1,60
Norman's Crack of Joy,2.2,6,8,0,0,1,0,0,1,50
North Country Club Crack,3.0,67,6,0,0,1,0,0,1,60
Northern Pillar,2.1,55,4,0,0,1,0,0,3,220
Northern Revival,4.0,1,12,0,0,1,0,0,4,360
Nose Drops,1.5,6,9,0,0,1,0,0,2,
Nose,2.7,6,8,0,1,0,0,0,1,90
Nosedive,3.4,150,10,0,0,1,0,0,1,80
Not So Fast,2.0,1,6,0,1,0,0,0,1,
"Not Tell Wife, Okay?",1.3,3,9,0,0,1,0,0,1,80
N.P.R.,1.3,3,5,0,0,1,0,0,1,30
Nurdie Gerdie (aka Dogs in Heat),2.5,19,10,0,0,1,0,0,1,
Nurse's Aid,3.7,32,10,0,0,1,0,0,1,150
Nutmaster,3.0,6,8,0,0,1,0,0,1,50
Obama Mama,1.8,4,8,0,1,0,0,0,,90
Oblique Twique,1.8,25,8,0,0,1,0,0,1,
Obstacle Delusion,3.0,32,9,0,0,1,0,0,2,130
Octo-Pussy,1.8,4,7,0,0,1,0,0,1,70
October Crack,1.0,1,8,0,0,1,0,0,1,90
Oddy's Crack of Horror,3.6,16,10,0,0,1,0,0,1,50
Off Limits,2.0,2,8,0,0,1,0,0,,50
Ogre Arete,2.8,4,9,0,0,1,0,0,1,90
Old Route,2.7,6,3,0,0,1,0,0,3,330
Older but Weissner,1.7,3,8,1,0,0,0,0,1,30
On Another Man's Wound,3.0,2,7,0,0,1,0,0,1,90
On Any Monday,1.9,15,11,0,0,1,0,0,1,40
On the Fence,3.5,2,4,0,0,1,0,0,1,95
On The Leash,2.0,2,7,0,0,1,0,0,1,35
On The Loose,3.7,47,10,0,0,1,0,0,1,90
Once in a Lifetime,4.0,3,10,0,1,0,0,0,1,120
Once Was Choss But Now Was Found,2.0,2,8,0,0,1,0,0,,50
One Over The Hill,1.0,0,12,0,0,1,0,0,,35
One Way or Another,1.0,1,8,0,0,1,0,0,,50
Only the Lonely,1.0,0,7,0,0,1,0,0,4,200
Oops,3.6,16,10,0,0,1,0,0,1,75
Opening Statement,3.0,3,7,0,0,1,0,0,1,70
Opplevelsen,2.0,1,7,0,0,1,0,0,1,120
Opposition AKA Here it comes,2.0,2,8,0,1,0,0,0,1,
Orc Stone,1.0,2,5,0,0,1,0,0,3,230
Original Exploit,1.0,1,9,1,0,0,0,0,1,100
Original Route,2.0,1,4,0,0,1,0,0,3,
Oscar and Charlie,2.9,58,7,0,0,1,0,0,2,180
O'Tom's Tick Twister,2.5,4,7,0,0,1,0,0,1,60
Out with the boys again,2.8,4,7,0,0,1,0,0,4,350
Outer Space,2.5,10,8,0,0,1,0,0,1,120
Outpatient,1.0,0,8,0,0,1,0,0,2,140
Outside Looking in,1.0,2,7,1,0,0,0,0,1,30
Outsiders,2.3,18,8,0,0,1,0,0,1,90
Over Easy,1.4,8,3,0,0,1,0,0,1,40
Overdog,2.9,8,9,0,0,1,0,0,3,150
Overhanging Layback,2.5,61,7,0,0,1,0,0,2,180
Overhanging Overhang,3.0,5,6,0,0,1,0,0,1,110
Overture,3.7,10,10,0,0,1,0,0,3,300
Owl Crack,1.6,7,6,0,0,1,0,0,1,40
P38,2.7,73,10,0,0,1,0,0,1,80
Pandemonium,2.5,2,10,0,0,1,0,0,3,340
Pandora's Box ,4.0,2,11,0,1,0,0,0,1,45
Papa Bear,3.0,3,6,0,0,1,0,0,1,85
Paper Mache,3.0,1,10,1,0,0,0,0,1,40
Parallel Passage,3.1,14,10,0,0,1,0,0,1,100
Paralysis,2.6,9,8,0,0,1,0,0,4,400
Parthenope,2.2,4,11,0,0,1,0,0,1,80
Partition,3.8,18,9,0,0,1,0,0,2,200
Pas de Deux,2.6,81,8,0,0,1,0,0,1,90
Pat Tricks,3.2,6,10,0,0,1,0,0,1,70
Pats' Blue Ribbon,4.0,2,12,0,1,0,0,0,1,60
Patty Duke,1.7,6,8,0,0,1,0,0,1,80
Pay As You Go,2.0,2,10,0,0,1,0,0,4,500
Peace In Our Climbs,2.0,3,12,0,0,1,0,0,1,70
Peach Meat,4.0,1,11,0,1,0,0,0,,85
Pearl necklace ,2.0,8,8,0,0,1,0,0,1,65
Pebble Fingers,2.0,2,7,1,0,0,0,0,1,30
Pebbles,1.6,8,7,1,0,0,0,0,,
Peckers,2.0,2,8,0,0,1,0,0,1,60
Pegasus,2.9,22,9,0,0,1,0,0,2,150
Penal Colony/Circumcision link up,1.0,1,7,0,0,1,0,0,1,40
Pencil & Johnny's Arete,2.7,12,9,0,0,1,0,0,1,65
Peregrine,2.2,16,7,0,0,1,0,0,3,260
Perfect Face,3.0,2,7,0,1,0,0,0,1,
Perseiid,1.0,1,8,0,0,1,0,0,1,70
Pet Cemetary,1.5,4,8,0,0,1,0,0,1,90
Pete's Farewell,3.4,78,7,0,0,1,0,0,3,150
Petey's Spare Rib,3.2,5,5,0,0,1,0,0,1,120
PF Flyers,2.8,6,10,0,0,1,0,0,1,60
Pfui Teufel,1.0,0,3,0,0,1,0,0,2,150
Phase III,3.1,16,9,0,0,1,0,0,1,90
Phoebe,2.2,23,10,0,0,1,0,0,1,45
Pick Pocket,2.5,2,8,0,0,1,0,0,,40
Piece Out,3.5,8,9,0,1,0,0,0,2,170
Pilgrim's Progress,3.5,6,11,0,0,1,0,0,3,230
Pillar,2.6,7,7,0,0,1,0,0,1,70
Pinch an Inch,2.0,5,10,0,0,1,0,0,1,70
Pink Butt Tights,2.7,9,6,0,1,0,0,0,1,
Pink Laurel,2.9,66,9,0,0,1,0,0,1,120
Pitchoff Left,2.9,11,,1,0,0,0,0,1,70
Pitchoff Quarry,3.0,19,,0,0,1,0,0,1,100
Pitchoff Right,2.5,16,,0,0,1,0,0,1,90
PJ Party,2.2,9,7,0,0,1,0,0,1,50
Platform 9 3/4,1.0,0,8,1,0,0,0,0,,
Playback,2.0,1,7,0,0,1,0,0,,30
Plumb Line,3.7,6,11,0,0,1,0,0,1,100
Plumber's Crack,1.5,2,8,0,1,0,0,0,1,40
Poker Face,3.4,8,9,0,1,0,0,0,2,210
Polish Roast,3.0,2,,1,0,0,0,0,1,100
Pollen Junkies,3.0,2,8,0,0,1,0,0,1,110
Pony Express,3.0,2,6,0,0,1,0,0,1,80
Poof! You're a Pomegranite!,2.0,1,8,1,0,0,0,0,1,30
Poof! You're an Avocado,1.0,1,6,1,0,0,0,0,1,30
Pop Quiz,2.7,20,8,0,0,1,0,0,1,70
Popcorn,2.3,7,8,0,0,1,0,0,1,40
Popover,2.1,11,6,0,0,1,0,0,1,40
Porcupine Prelude ,2.0,2,10,0,1,0,0,0,1,40
"Porcupine Prelude, Variation",1.0,1,9,0,1,0,0,0,1,40
Positive Latitude,4.0,5,10,0,1,0,0,0,2,320
Positively 4th Street,2.5,4,6,0,0,1,0,0,,135
Post Op,1.0,1,9,0,0,1,0,0,2,130
Post Purchase Dissonance,1.0,1,,0,0,1,0,0,1,100
Power Tower,2.0,1,6,0,0,1,0,0,,25
Pox,4.0,1,11,0,1,0,0,0,1,140
PR,2.1,7,11,0,0,1,0,0,,150
Precarious Perch,2.1,7,9,0,0,1,0,0,2,160
Prelude to Gravity,4.0,1,11,0,0,1,0,0,4,430
Prelude,2.9,13,8,0,0,1,0,0,1,100
Prepare to meet thy God,2.0,1,7,0,0,1,0,0,1,35
Prince of Darkness,2.0,1,10,1,0,0,0,0,1,30
Princess Bride,1.0,2,6,0,0,1,0,0,,50
Proctor Silex,2.4,15,9,0,0,1,0,0,1,150
Proctoscope,2.7,29,9,0,0,1,0,0,2,195
PROJECT,1.0,2,15,0,0,1,0,0,1,45
Promiscuous Girl,4.0,3,12,0,1,0,0,0,,
Protractor,2.0,1,8,0,0,1,0,0,,70
Provando,2.0,2,7,0,0,1,0,0,3,160
Providence,1.0,1,6,0,0,1,0,0,2,300
Psalm 32,3.0,7,12,0,0,1,0,0,3,250
Psychadelic,3.0,2,10,0,0,1,0,0,,55
Psyche Out,2.3,3,11,1,0,0,0,0,1,75
Psycho Crack Left,2.4,9,8,0,0,1,0,0,1,70
Psycho Crack Right,3.2,40,8,0,0,1,0,0,1,70
Psychosis,2.1,9,9,0,0,1,0,0,4,325
P.T. Pillar,1.6,9,8,0,0,1,0,0,1,100
Pug Love,1.6,5,6,0,0,1,0,0,1,35
Pulled Tooth,2.0,1,8,0,1,0,0,0,1,40
Pump Action,2.0,1,10,0,0,1,0,0,1,70
Pumpernickel,2.7,3,11,0,0,1,0,0,1,80
Punch and Judy,2.2,9,5,0,0,1,0,0,2,200
Puppies on Edge,2.5,13,6,0,0,1,0,0,1,90
Purgatory,3.7,3,,0,0,1,0,0,1,80
Purple Rain,1.0,0,7,0,0,1,0,0,2,165
Push ,3.5,2,12,0,1,0,0,0,1,80
Puzzle,2.0,1,4,0,0,1,0,0,1,90
Quadrophenia AKA Bara Bara,3.8,62,7,0,0,1,0,0,4,350
Quaerite...,2.0,1,,0,0,1,0,0,1,65
Quantum Entanglement,1.5,2,8,0,0,1,0,0,1,70
Quick Eight,1.0,0,8,1,0,0,0,0,1,30
R2-OK?,2.0,7,8,0,0,1,0,0,,80
Rachel,2.2,5,10,0,1,0,0,0,1,60
Rachel's Crack,3.4,10,8,0,0,1,0,0,1,90
Racing Dog,2.0,2,10,0,1,0,0,0,1,35
Radioactive,3.8,4,10,0,0,1,0,0,1,130
Raging Raven,3.9,8,11,0,1,0,0,0,1,80
Ragtime,3.5,2,10,0,0,1,0,0,3,225
Raid,1.0,1,7,1,0,0,0,0,1,30
Railroad Dickie,1.7,3,10,0,1,0,0,0,1,25
Raindance Roof,2.0,1,8,0,0,1,0,0,1,85
Rainy Daze,2.0,1,10,0,0,1,0,0,,50
Ranger Danger,2.0,1,6,0,0,1,0,0,1,40
Ranger on the Rock,2.0,1,6,0,0,1,0,0,4,535
Raptor's Sream,4.0,1,12,0,1,0,0,0,1,80
Rasputin,2.0,2,5,0,0,1,0,0,1,50
Raubenheimer Special,2.1,26,7,0,0,1,0,0,2,160
Raunchy,2.6,74,8,0,0,1,0,0,1,80
Raven and the Cat,2.3,3,11,0,0,1,0,0,1,90
Ravenous,3.5,2,11,0,0,1,0,0,,
Raw Tips,2.6,17,10,0,1,0,0,0,1,80
Razzle Dazzle,2.0,1,8,0,1,0,0,0,1,
Reach Around,2.8,28,8,0,0,1,0,0,1,60
Reach For The Sky,3.3,12,10,0,0,1,0,0,1,70
Reach of Faith ,3.0,7,7,0,1,0,0,0,1,
Rebecca,2.9,7,10,0,1,0,0,0,1,60
Recuperation Boulevard,2.7,14,7,0,0,1,0,0,1,145
Red Book,2.6,7,7,0,0,1,0,0,1,60
Red Cabbage Right,2.2,16,10,0,0,1,0,0,1,50
Red Cabbage,2.0,51,9,0,0,1,0,0,1,70
Red Pillar,2.4,67,5,0,0,1,0,0,,200
Redneck on a Rope,4.0,6,10,0,0,1,0,0,1,180
Red's Ruin,1.5,2,2,0,0,1,0,0,3,280
Reducto Adductor,2.0,1,10,0,0,1,0,0,1,40
Regular Route,3.4,88,5,0,0,1,0,0,8,700
Release the Kraken,3.7,3,11,0,0,1,0,0,1,100
Renegade,1.0,1,8,0,0,1,0,0,1,130
Reproof,2.4,5,9,0,0,1,0,0,1,70
Requiem pro Patris,2.0,1,8,0,0,1,0,0,1,75
Requiem,3.0,1,12,0,0,1,0,0,2,
Resistant Strain,2.0,1,11,1,0,0,0,0,1,40
Respirator ,1.0,2,8,0,0,1,0,0,1,80
Retribution,2.9,165,10,0,0,1,0,0,1,75
Return to Sender,3.0,1,8,0,0,1,0,0,4,480
Revenge of the Relics,1.0,0,10,0,0,1,0,0,2,110
Revolver,1.8,4,10,0,0,1,0,0,1,50
Rhododendron,2.6,263,6,0,0,1,0,0,1,70
Ribless (a.k.a. Spare Ribs),1.8,31,6,0,0,1,0,0,1,80
Ribs,2.0,66,4,0,0,1,0,0,2,130
Rickety Pinnacle,1.5,2,2,0,0,1,0,0,,15
Ridicullissima,3.9,37,10,0,0,1,0,0,1,180
Right Block,1.4,5,5,0,0,1,0,0,1,25
Right side slab and headwall,2.0,1,,0,0,1,0,0,1,75
Ringwraith,4.0,2,10,0,0,1,0,0,1,70
Riprovando,2.0,1,10,0,0,1,0,0,1,75
Riptide,1.5,2,8,0,0,1,0,0,1,60
Risky Bear,2.7,3,6,0,0,1,0,0,1,95
River View,1.0,1,7,1,0,0,0,0,1,100
RMC,2.4,96,5,0,0,1,0,0,3,180
Roaches on the Wall,3.6,31,10,0,0,1,0,0,1,90
Road Warrior,2.6,5,11,0,0,1,0,0,1,90
Roaring Brook Falls,3.0,2,7,0,0,1,0,0,3,520
Rocinha,3.8,4,10,0,0,1,0,0,1,80
Rock and Brew,2.0,6,9,0,0,1,0,0,1,100
Rock and Roll Star,3.0,10,10,0,0,1,0,0,1,90
Rock Hard,2.0,1,8,0,1,0,0,0,1,
Rock Hop,1.0,2,3,0,0,1,0,0,,60
Rock Lobster,2.4,8,9,0,1,0,0,0,1,100
Rock of Ages,1.5,2,7,0,0,1,0,0,1,50
Rockaholic,3.3,71,8,0,0,1,0,0,1,80
Roddy,1.0,17,3,0,0,1,0,0,2,125
Roger's Escape Hatch,1.0,0,,0,0,1,0,0,,
Romano's Route,3.8,12,11,0,0,1,0,0,1,95
Roman's Climb Next to Keystone Kop,2.0,1,5,0,0,1,0,0,2,170
Ron's Gully,2.9,7,,0,0,1,0,0,1,100
Roof Direct,3.0,1,12,0,1,0,0,0,,35
Roof Roof,2.0,1,9,1,0,0,0,0,1,30
Roof Traverse Variation,2.0,1,10,0,1,0,0,0,1,35
Roof Traverse,3.0,1,10,0,1,0,0,0,1,45
Roofer Madness,2.0,3,10,0,0,1,0,0,1,110
Roofy Direct,3.0,2,9,0,0,1,0,0,1,45
Rope Monster,2.0,1,11,1,0,0,0,0,1,40
Rope Toss Wall,1.0,1,5,0,0,1,0,0,1,100
Roseland,3.4,117,9,0,0,1,0,0,3,250
Rough Cut,1.7,3,9,0,0,1,0,0,1,80
Route Awakening,1.0,1,7,0,0,1,0,0,,
Rubber Knumbchuck,2.0,1,10,0,1,0,0,0,1,35
Ruby Saturday Direct,2.2,21,10,0,0,1,0,0,2,
Rule of the Bone,3.4,5,10,0,0,1,0,0,1,100
Rumble Strips,1.3,3,7,0,0,1,0,0,1,50
Run for Rabies,1.5,2,5,0,0,1,0,0,1,30
Rusty Lumberjack,3.0,3,11,0,0,1,0,0,,100
Rusty Trifle,2.1,28,5,0,0,1,0,0,3,180
Rynex Creek Falls,2.0,2,,0,0,1,0,0,1,60
Sac's Fifth Avenue,2.7,6,11,1,0,0,0,0,1,40
Sagittarius,2.0,2,8,0,0,1,0,0,1,60
Saint Louis,1.2,4,4,0,0,1,0,0,1,50
Salad Days,3.0,1,13,0,1,0,0,0,1,90
Sally,2.0,1,7,0,1,0,0,0,1,
Salmon Steak,2.0,3,,1,0,0,0,0,1,100
Santa's Escape,3.0,16,7,1,0,0,0,0,1,65
SARS Left and Right,1.0,1,10,0,0,1,0,0,1,40
Sasquatch Hunting,3.0,1,13,0,1,0,0,0,2,80
Satan's Ceiling,2.7,7,9,0,0,1,0,0,1,65
Sauron's Bolt of Horror,2.7,3,10,0,0,1,0,0,1,50
Saving Face,1.0,1,8,0,0,1,0,0,,
Saving Grace,1.5,2,8,0,0,1,0,0,,
Scallion,3.4,12,10,0,0,1,0,0,1,100
Scared for Life,1.0,2,8,0,0,1,0,0,1,45
Scaredy Cat,2.0,2,7,0,0,1,0,0,1,50
Scary Area,3.0,5,12,0,0,1,0,0,2,200
Scene of the Climb,1.5,2,11,0,0,1,0,0,12,80160
Scenic Slip,2.0,2,7,0,0,1,0,0,1,120
Schizophrenia ,1.4,5,9,0,0,1,0,0,1,100
Schlemiel,3.0,1,10,0,0,1,0,0,3,200
School Chimney,2.0,3,8,1,0,0,0,0,,55
Scoop Arete,2.2,5,8,0,0,1,0,0,1,40
Scoop Face,2.3,7,9,0,0,1,0,0,1,60
Scorpion Bowl,2.3,3,9,0,0,1,0,0,1,50
Scrambled Legs,2.0,1,10,0,0,1,0,0,1,80
Screaming Matrix,3.0,5,7,0,0,1,0,0,4,650
Screaming Meaney,3.0,3,8,0,0,1,0,0,3,515
Scungilli,2.0,2,7,0,0,1,0,0,2,180
Scurvy the Ship Dog,1.0,1,6,0,0,1,0,0,1,60
Scuttlebutt,1.7,11,5,0,0,1,0,0,1,75
Seamly Route,1.0,1,8,0,0,1,0,0,1,100
Seams About Right,1.5,2,6,1,0,0,0,0,1,40
Seams Like Fun,1.5,6,8,0,0,1,0,0,1,30
Second Amendment,3.0,3,10,0,0,1,0,0,2,200
Second Job,2.6,10,8,0,0,1,0,0,1,125
Seeking Enlightenment,3.0,2,11,0,0,1,0,0,2,160
Seniors in Motion,2.0,1,9,0,0,1,0,0,1,60
Sente,2.6,82,9,0,0,1,0,0,1,90
Seque,1.0,1,5,0,0,1,0,0,,30
Serfs' Up,1.2,4,7,0,0,1,0,0,,60
Seven Ounces,2.4,51,7,0,0,1,0,0,1,40
Seven Pieces of Pro,2.0,1,8,0,0,1,0,0,1,45
Seventeen,3.1,9,7,0,0,1,0,0,1,100
Shaky Spider,2.0,2,10,0,0,1,0,0,,
Shanty Girl,1.0,1,6,0,0,1,0,0,1,40
Shantyclear,2.0,1,5,0,0,1,0,0,1,60
Shantytown,2.5,6,9,0,0,1,0,0,1,80
Sharp Bridge,1.7,3,8,0,0,1,0,0,1,80
Shelving Rock Earth Penatrator,2.0,2,6,0,1,0,0,0,,55
Shipton's Voyage,2.3,9,4,0,0,1,0,0,1,100
Shit Creek,2.2,15,7,0,0,1,0,0,3,270
Shit Load of Chips,1.0,1,9,0,0,1,0,0,1,30
Shit or Go Blind,2.5,39,8,0,0,1,0,0,1,100
Shitface,2.8,41,10,0,0,1,0,0,1,75
Shitty Mitty,2.0,1,11,0,0,1,0,0,1,70
Shock and Awe,2.0,2,7,0,1,0,0,0,,55
Shockley's Ceiling,3.5,295,6,0,0,1,0,0,3,275
Shockley's Without,1.0,0,3,0,0,1,0,0,1,70
Shootin' the Curl,1.0,1,10,0,0,1,0,0,1,70
Short and Sassy,1.5,2,5,0,0,1,0,0,1,60
Short and Simple,1.0,0,3,0,0,1,0,0,1,80
Short Job,1.9,19,4,0,0,1,0,0,2,130
Short Person's Disease,1.0,1,8,0,0,1,0,0,1,40
Short Stacks,2.0,3,7,0,0,1,0,0,1,40
Shtick It,2.0,1,10,0,0,1,0,0,,50
Side Pull Plus,3.3,3,9,0,1,0,0,0,1,
Side Show,3.0,1,10,0,0,1,0,0,1,45
Silhouette,2.7,27,7,0,0,1,0,0,2,
Silly Chimney,2.7,3,1,0,0,1,0,0,1,200
Silver Bullet,1.0,2,7,0,0,1,0,0,,60
Simple Ceilings,1.5,6,5,0,0,1,0,0,3,290
Simple Suff,3.3,65,10,0,0,1,0,0,1,60
Sinister Urge (formerly SLAM Dance),2.0,1,13,0,0,1,0,0,1,60
Sit on It,3.0,1,13,0,0,1,0,0,,
Sixish,2.8,125,5,0,0,1,0,0,2,200
Size Matters,2.0,4,10,0,0,1,0,0,1,160
Sizzle Me,1.0,1,6,0,0,1,0,0,1,70
Skeeter,2.0,1,5,0,0,1,0,0,1,45
Skink Redirect,2.0,1,10,1,0,0,0,0,1,65
Skink,2.5,36,8,0,0,1,0,0,1,60
Sky High,3.0,1,2,0,0,1,0,0,1,30
Slab-Happy,2.0,2,8,1,0,0,0,0,1,130
Slab Shtick,2.0,1,7,1,0,0,0,0,,70
Slabby McCracken,2.0,1,9,0,0,1,0,0,,175
Slabmeister,3.0,1,11,0,0,1,0,0,1,170
Slammin' the Salmon,3.0,1,12,0,0,1,0,0,1,80
Slant Crack,2.0,1,8,0,0,1,0,0,1,60
Slap Shot,1.0,0,9,1,0,0,0,0,1,50
Sleep Walk,1.0,1,3,0,0,1,0,0,1,80
Sleepwalk,2.0,50,7,0,0,1,0,0,1,80
Sleepwalking,2.0,12,3,0,0,1,0,0,1,50
Sleepy Hollow,3.5,6,8,0,0,1,0,0,1,100
Slide Rules,3.0,3,7,0,0,1,0,0,2,250
Slightly Roddey,2.6,7,10,0,0,1,0,0,1,25
Slim Pickins,3.4,51,9,0,0,1,0,0,1,90
Sling Time,3.0,1,11,0,0,1,0,0,1,
Sloppy Seconds,2.0,2,6,0,0,1,0,0,,50
Slot Machine,2.5,25,6,0,0,1,0,0,1,60
Slumber Party,2.0,12,4,0,0,1,0,0,1,50
SLU'zers,1.0,1,4,0,0,1,0,0,1,40
Small Craft Advisory,1.5,2,8,0,0,1,0,0,1,40
Smear,3.0,2,,1,0,0,0,0,1,70
Smilin' the Hard Way,2.0,2,12,0,0,1,0,0,1,
Snaggletooth,3.0,1,10,1,0,0,0,0,,80
Snake Charmer,2.5,4,9,0,0,1,0,0,,100
Snake Slide,2.5,4,8,0,0,1,0,0,1,50
Snake,2.1,25,7,0,0,1,0,0,2,150
Sno-White,2.0,3,8,1,0,0,0,0,1,30
Snooky's Return,3.1,110,8,0,0,1,0,0,3,
Snowpatch,1.7,3,5,0,0,1,0,0,3,260
Social Climber,2.0,1,0,0,0,1,0,0,1,50
Social Pariah,1.0,1,2,0,0,1,0,0,1,50
Soft Maple Times,2.0,2,6,0,0,1,0,0,,60
Solar Grace,2.0,1,6,0,0,1,0,0,1,90
Solar Wind,2.0,1,7,0,0,1,0,0,1,60
Sole Fusion,4.0,7,10,0,0,1,0,0,5,600
"Solo, Gracias",1.0,1,7,0,0,1,0,0,1,100
Something Boring,1.0,4,9,0,0,1,0,0,3,
Something Interesting,3.5,230,7,0,0,1,0,0,2,200
Son of a Mother,3.3,13,10,0,0,1,0,0,1,100
Son of Bitchy Virgin,2.2,32,6,0,0,1,0,0,2,180
Son of Circuitous Shit,2.0,1,6,0,0,1,0,0,1,110
Son of Easy O,3.8,260,8,0,0,1,0,0,2,170
Son of Slime,3.3,3,10,0,0,1,0,0,2,
Sonja,2.4,23,10,0,0,1,0,0,1,40
Soul Confusion,4.0,1,10,0,0,1,0,0,4,450
Sound and Fury,4.0,5,8,0,0,1,0,0,1,120
Sound Barrier,2.8,5,10,1,0,0,0,0,1,50
Sound The Horn,2.0,1,9,1,0,0,0,0,1,50
Soup Kitchen,2.0,3,10,0,1,0,0,0,1,40
South Face,2.0,1,,0,0,1,0,0,1,30
Southeast Slide,3.0,2,,0,0,1,0,0,,2000
Southern Hospitality p1,4.0,5,11,0,0,1,0,0,1,140
Southern Pillar,2.2,23,4,0,0,1,0,0,2,150
Southwest Direct,2.0,1,9,1,0,0,0,0,1,50
Soweto,2.3,6,8,0,0,1,0,0,1,100
Space Cowboy,2.7,30,7,0,0,1,0,0,1,90
Space Invaders,2.5,24,10,0,0,1,0,0,1,70
Spank-A-Saurus,3.0,1,10,0,1,0,0,0,1,
Speak Easy,2.0,1,6,0,0,1,0,0,1,45
Spelunking Midget,3.4,7,10,0,0,1,0,0,1,45
Spic and Span,1.0,0,2,0,0,1,0,0,1,60
Spider Biter,4.0,1,8,0,0,1,0,0,1,80
Spider Corner,2.0,1,7,0,0,1,0,0,1,50
Spider Web,2.0,2,8,1,0,0,0,0,1,25
Spiderman,2.5,2,11,1,0,0,0,0,,30
Spinal Exam,3.1,8,10,0,0,1,0,0,1,
Spiral Staircase,1.0,2,6,0,0,1,0,0,1,40
Splashtic,1.9,15,10,0,0,1,0,0,3,210
Spock,2.0,1,8,0,0,1,0,0,1,
Sport Climbing is Neither ,2.0,2,8,0,0,1,0,0,1,25
Spring Equinox,2.0,2,8,0,0,1,0,0,3,350
Springtime,2.8,4,8,0,0,1,0,0,1,120
Square Falls,2.0,1,,1,0,0,0,0,1,65
Squiggles Direct,1.8,14,10,0,0,1,0,0,1,50
Squiggles,1.5,32,4,0,0,1,0,0,1,50
S&S Left,3.0,1,10,0,1,0,0,0,,
S&S Right,3.0,2,10,0,1,0,0,0,1,
Stable Weather,3.5,2,9,0,0,1,0,0,,40
Stacked,2.0,14,5,0,0,1,0,0,1,50
Stairway To Heaven,2.5,12,7,0,0,1,0,0,1,40
Stake and Cake,1.8,4,10,0,0,1,0,0,2,80
Stand Your Ground,3.2,9,7,0,0,1,0,0,1,85
Standardized Testing,2.8,5,9,0,0,1,0,0,1,80
Star Action,3.4,49,10,0,0,1,0,0,2,200
Star Sailor,3.0,7,10,0,0,1,0,0,1,70
Starboard Tack,2.0,1,10,0,0,1,0,0,1,70
Starline,2.5,2,10,0,0,1,0,0,1,60
Starstruck,2.0,1,8,0,0,1,0,0,1,70
Static Cling,2.2,4,10,0,0,1,0,0,1,100
Static,2.0,1,8,1,0,0,0,0,1,25
Steel Nuts,1.0,0,8,1,0,0,0,0,1,
Steep Hikin',1.7,7,9,0,0,1,0,0,3,
Step Lively,2.3,3,10,0,0,1,0,0,2,
Stepping Stones,2.0,1,1,0,0,1,0,0,1,120
Steve's Prow,2.0,1,4,1,0,0,0,0,,
Sticks in Stones,3.0,1,,0,0,1,0,0,1,50
Sticky Gate with Direct finish,2.0,12,7,0,0,1,0,0,1,70
Stihl Water,2.2,6,9,0,0,1,0,0,1,80
Still Crazy After All These Years,2.4,12,10,0,0,1,0,0,,
Stinky Americans,2.7,7,9,0,0,1,0,0,1,60
Stirrup Trouble,3.6,37,10,0,0,1,0,0,1,70
Stockade Scramble,2.0,1,3,0,0,1,0,0,,45
Stoker's Fix,2.0,1,11,1,0,0,0,0,,
Stoned in a Crowded Corner,3.0,1,10,1,0,0,0,0,1,40
Stop Making Sense,2.3,3,8,0,0,1,0,0,4,380
Straighten Up,2.0,3,8,0,0,1,0,0,1,90
Straits of Fear,2.0,1,8,0,0,1,0,0,2,320
Strange Customs,2.0,1,11,0,0,1,0,0,1,60
Strawberry Yogurt,3.0,3,8,0,0,1,0,0,1,70
Stretch Marks,2.0,1,11,0,1,0,0,0,,
Strictly From Nowhere,3.3,210,7,0,0,1,0,0,2,170
Stupid Crack,2.5,2,12,0,0,1,0,0,1,35
Stutter Steps,1.0,1,8,0,0,1,0,0,1,80
Sub Dude,1.9,11,7,0,1,0,0,0,,70
Suderiferous: 5.8 variation,2.5,4,8,0,0,1,0,0,,
Sudoriferous,1.0,3,2,0,0,1,0,0,2,120
Suicidal Sydney,1.0,1,9,0,0,1,0,0,1,30
Sultana,1.0,3,8,0,0,1,0,0,2,150
Summer Breeze,1.7,3,5,0,0,1,0,0,1,70
Summer School,2.2,11,8,1,0,0,0,0,1,70
Sunburst Arete,3.1,8,8,0,0,1,0,0,2,180
Sundance,2.7,11,9,0,0,1,0,0,1,70
Sundown,1.7,9,8,0,0,1,0,0,1,80
Sundowner,2.7,6,7,0,0,1,0,0,1,50
Super Skink,2.0,1,10,1,0,0,0,0,1,60
Super Sonic Flake,2.0,1,8,0,0,1,0,0,,30
Superman Flake,3.0,2,8,0,0,1,0,0,3,360
Superman,2.0,1,12,1,0,0,0,0,,
Suppers Ready,3.8,17,12,0,0,1,0,0,,150
Susie A,1.9,7,10,0,0,1,0,0,1,1550
Susie Q,2.0,2,6,0,0,1,0,0,1,50
Swampoodle,2.0,5,8,0,1,0,0,0,1,40
Sweet n Low,1.5,2,7,0,0,1,0,0,1,40
Swells Good,2.0,1,8,0,0,1,0,0,1,50
Swing Time,3.3,3,11,0,0,1,0,0,2,160
Sword,2.9,40,6,0,0,1,0,0,1,60
Tahawas,2.5,2,,0,0,1,0,0,3,200
Taint No Thang,1.0,1,8,0,0,1,0,0,,50
Take a Breaker,1.7,3,4,0,0,1,0,0,1,40
Talking Heads,1.0,3,6,0,0,1,0,0,1,150
Talus About the Crack,2.0,1,6,0,0,1,0,0,1,70
Talus of Powder,2.0,8,8,0,0,1,0,0,,
Tang Corner,3.1,8,8,0,0,1,0,0,1,80
Tangled Up and Blue,2.0,5,8,0,0,1,0,0,1,
Tangled up in Azure,3.0,1,8,0,0,1,0,0,1,60
TB or Not TB,2.2,9,7,0,0,1,0,0,1,80
"(tbd, currently) Orange Gladiators",2.0,1,6,0,0,1,0,0,1,90
Te Dum,2.6,81,7,0,0,1,0,0,2,170
Team Rocksport,1.0,2,5,0,0,1,0,0,1,30
Tears of Gaia,4.0,3,10,0,0,1,0,0,2,150
Techno-Suff,2.5,6,11,1,0,0,0,0,1,50
Teeny Face,3.3,30,10,0,0,1,0,0,,
Ten AM Special,2.0,1,10,1,0,0,0,0,,45
Ten B,2.9,8,11,0,0,1,0,0,1,45
Ten Point Buck,2.8,4,6,0,0,1,0,0,1,80
Tennish Anyone?,2.8,36,10,0,0,1,0,0,1,50
Tequila Mockingbird,2.2,24,6,0,0,1,0,0,3,
Testicular Trauma,1.0,0,9,1,0,0,0,0,1,35
Tetonia,2.8,10,10,0,0,1,0,0,1,180
Thanador,1.2,5,9,0,1,0,0,0,1,30
"Thank You, Cindy",2.0,2,7,0,0,1,0,0,1,90
Thanksgiving ,2.9,12,7,0,0,1,0,0,6,550
The Afternoon Matinee,3.0,1,10,0,0,1,0,0,,50
The Arrow,2.3,3,8,0,0,1,0,0,1,40
The Blackout,2.5,35,9,0,0,1,0,0,3,160
The Blue Stink,1.0,1,3,0,0,1,0,0,4,260
The Brat Direct,2.1,38,7,0,0,1,0,0,,55
The Cenotaph,2.8,6,10,0,1,0,0,0,,75
The Chasm,1.0,1,,1,0,0,0,0,1,30
The Clash,3.0,1,11,0,0,1,0,0,1,65
The Clown,2.0,1,10,1,0,0,0,0,1,20
The Contortionist,2.3,13,9,0,1,0,0,0,1,
The Curtain,3.2,4,,0,0,1,0,0,2,180
The Dangler,3.3,90,10,0,0,1,0,0,,20
The Diagonal,3.5,35,8,0,0,1,0,0,7,860
The Dike,1.0,1,8,0,0,1,0,0,1,55
The Disputed,2.6,17,8,0,0,1,0,0,1,60
The Dreamer is to Hard,2.0,1,8,0,0,1,0,0,,35
The Dreamer,3.2,6,10,1,0,0,0,0,,35
The Eagle Has Landed,3.8,4,10,0,0,1,0,0,,
The El,3.8,38,8,0,0,1,0,0,3,180
The Entertainer,3.0,7,,0,0,1,0,0,1,100
The Executioner aka That's Horsesh** T.C.,2.0,2,11,0,0,1,0,0,1,80
The Fall,2.9,18,11,0,0,1,0,0,1,60
The Fancy Cat,4.0,1,12,0,1,0,0,0,1,90
The Fastest Gun,3.9,48,10,0,0,1,0,0,4,500
The Flake,1.0,7,1,0,0,1,0,0,1,50
The Flu,1.0,0,4,0,0,1,0,0,1,25
The FM,2.2,6,7,0,0,1,0,0,4,350
The Fuzz,2.3,3,9,0,0,1,0,0,1,40
The Gash,2.0,1,8,0,0,1,0,0,1,65
The Gift of the Kneebar,1.0,0,9,0,0,1,0,0,1,60
The Golden Dream,3.7,78,9,0,0,1,0,0,1,70
The Gong Show,3.2,13,9,0,0,1,0,0,1,100
The Good Book,2.7,3,8,1,0,0,0,0,1,125
"The Good, The Bad, and The Ugly",3.1,11,8,0,0,1,0,0,1,100
The Gorgon,1.0,0,8,1,0,0,0,0,,
The Great Dihedral,3.6,10,9,0,0,1,0,0,3,450
The Great Escape,2.0,1,5,0,0,1,0,0,1,35
The Handle,1.0,1,9,1,0,0,0,0,,
"The Hole, Lizard Head Variation",3.0,3,6,0,0,1,0,0,1,50
The Hounds,2.7,3,10,0,0,1,0,0,1,90
The Hustler (5.6+),1.8,10,6,0,0,1,0,0,1,40
The Inverted Englishman,2.5,2,8,0,0,1,0,0,,70
The Jane Fonda Workout for Pregnant Women,1.0,1,12,1,0,0,0,0,1,80
The Joker,3.0,2,8,1,0,0,0,0,1,30
The Juicer,2.5,2,13,0,1,0,0,0,1,30
The Keyhole,2.5,2,11,0,0,1,0,0,1,55
The Kling-On,2.6,33,7,0,0,1,0,0,1,40
The Land of the Lost,4.0,1,11,1,0,0,0,0,1,70
The Last Will Be First,2.9,93,6,0,0,1,0,0,2,230
The Laws of Physics are strictly enforced,2.0,1,8,0,1,0,0,0,1,60
The Lone Ranger,1.0,2,3,0,0,1,0,0,1,100
The Lonely,2.1,8,6,0,0,1,0,0,1,60
The Matrix,2.6,7,8,0,1,0,0,0,4,660
The Near Side of Far,1.0,1,9,0,0,1,0,0,,60
The Nephalim,2.0,9,10,0,1,0,0,0,1,
The Nose,2.3,16,6,0,0,1,0,0,1,100
The O'Barrett Factor,1.5,2,10,0,1,0,0,0,1,100
The Old Route,2.0,6,4,0,0,1,0,0,4,420
The Perverted Polishman,1.5,2,8,0,0,1,0,0,,70
The Playground,2.5,12,,0,0,1,0,0,1,70
The Prince,2.9,8,7,0,0,1,0,0,3,200
The Rapture,2.0,4,12,0,0,1,0,0,1,80
The Red Knob,3.0,5,7,0,0,1,0,0,1,90
The Savage Within aka Bloody Sister  1,3.0,1,11,0,1,0,0,0,1,
The Shadow Nose,1.0,2,7,0,0,1,0,0,2,
The Shining,2.6,10,10,0,0,1,0,0,,90
The Sins of the Father,1.0,0,10,0,1,0,0,0,1,60
The Sins of the Son,3.4,15,10,0,1,0,0,0,1,60
The Slant,1.0,1,10,0,0,1,0,0,,
The Slash,3.0,1,11,0,0,1,0,0,1,90
The Snatch,3.2,5,10,0,0,1,0,0,2,230
The Spring (P1),2.9,58,9,0,0,1,0,0,1,
The Stand,2.8,24,11,0,0,1,0,0,,75
The Star Route,1.0,1,4,0,0,1,0,0,1,60
The Sting,3.3,28,11,0,0,1,0,0,,
The Success of Sully's Bride,2.0,2,7,0,0,1,0,0,,90
The Summer,2.8,17,11,0,0,1,0,0,1,60
The Sun Wall,2.2,4,,0,0,1,0,0,1,30
The Thinker,2.1,11,7,1,0,0,0,0,,35
The Throne,2.6,7,12,0,0,1,0,0,1,70
The Twin Columns,2.9,7,,0,0,1,0,0,1,80
The Under Kling-On,2.5,4,9,1,0,0,0,0,1,40
The Warmup,2.0,1,7,1,0,0,0,0,1,30
The Waterfall,3.6,8,,0,0,1,0,0,1,150
The Winter,3.1,36,10,0,0,1,0,0,2,175
The Workshop,3.0,1,,0,0,1,0,0,1,75
The Wright Wrong Chimney,1.3,3,3,0,0,1,0,0,1,50
The Yellow Wall,4.0,21,11,0,0,1,0,0,2,125
The Yellow Wallpaper,2.9,30,9,0,0,1,0,0,1,70
Them That Die Are The Lucky Ones,2.0,1,,0,0,1,0,0,1,100
There is No Spoon,3.0,1,11,1,0,0,0,0,1,40
Thin Slabs / Thin Slabs Direct,3.1,101,7,0,0,1,0,0,3,220
Thin Soles,2.3,3,10,0,0,1,0,0,1,30
Third Trapps Chimney,1.0,0,3,0,0,1,0,0,3,180
Thit or Tam Cam Loves You,2.0,1,7,0,0,1,0,0,,25
Thread the Gap ,2.0,2,9,1,0,0,0,0,1,50
Three Degrees Of Separation,3.7,9,10,0,0,1,0,0,,100
Three Doves,3.3,127,8,0,0,1,0,0,2,210
Three Pines,3.0,203,3,0,0,1,0,0,3,160
Three Vultures,2.4,14,9,0,0,1,0,0,3,250
Thunder and Lichen,4.0,1,11,0,0,1,0,0,,80
Thunder Down Under,2.5,2,12,0,1,0,0,0,,45
Tier Drops,2.0,1,,0,0,1,0,0,3,180
Tier Pressure,3.5,2,8,0,0,1,0,0,4,420
Tiers of Fear,3.4,5,12,0,0,1,0,0,,100
Tiers of Joy ,2.0,1,,0,0,1,0,0,1,100
Tighter Than Two,2.0,1,11,0,0,1,0,0,1,80
Till the Fat Lady Sings,2.0,1,11,0,0,1,0,0,1,130
Tilly's Trench,1.0,1,3,0,0,1,0,0,1,30
Tilman's Arete,3.3,50,7,0,0,1,0,0,2,150
Time Being,4.0,1,11,0,0,1,0,0,2,200
Time for Therapy,2.0,1,10,0,0,1,0,0,,60
Time Trials,2.0,1,7,0,0,1,0,0,1,70
Tinker Falls - Center,2.0,1,,1,0,0,0,0,1,35
Tinker Falls Pillar,3.0,1,,1,0,0,0,0,1,40
Tipsy Trees,2.4,46,4,0,0,1,0,0,3,200
To Be Or Not To Be,3.5,22,11,0,0,1,0,0,,80
To Bee or Not to Bee,1.0,1,7,0,0,1,0,0,1,100
To Do,1.0,1,4,0,0,1,0,0,1,30
Toiling Men,3.0,1,10,1,0,0,0,0,1,50
Tombstone,3.9,12,10,0,0,1,0,0,2,140
Tommy Gun,3.0,1,10,0,0,1,0,0,1,
Too Many Video Games,1.0,0,12,1,0,0,0,0,1,40
Torcher,4.0,3,10,0,0,1,0,0,1,105
Torture Garden,2.3,3,8,0,0,1,0,0,3,
Tough Shift,3.0,21,10,0,0,1,0,0,1,75
Tourist Trap,1.0,1,7,0,0,1,0,0,2,145
Tower Wall Direct,3.5,2,8,0,0,1,0,0,1,100
T.P.,2.0,8,6,0,0,1,0,0,1,30
TR,3.6,48,10,0,0,1,0,0,1,70
Transcontinental Nailway,3.5,61,10,0,0,1,0,0,1,100
Trap Dike (summer),3.6,34,,0,0,1,0,0,,2000
Trapped Like a Rat,2.5,23,7,0,0,1,0,0,1,80
Travels With Charley,1.9,7,8,0,0,1,0,0,3,240
Traverse of the Clods,3.3,20,9,0,0,1,0,0,2,
Treehugger,2.0,1,7,1,0,0,0,0,1,35
Triangle,2.2,45,9,0,0,1,0,0,1,100
Tribulations,1.0,1,5,0,0,1,0,0,2,130
Trick Bag,3.3,3,11,0,1,0,0,0,1,40
Trickagnosis,1.5,2,7,0,0,1,0,0,1,35
Trigger Finger,2.0,1,11,0,0,1,0,0,1,85
Trigger Point,2.1,16,6,0,0,1,0,0,1,60
Triple Banger Overhanger,2.3,3,10,0,1,0,0,0,1,
Triple Bulges,2.1,21,5,0,0,1,0,0,2,180
Triple Overhang,2.0,2,10,1,0,0,0,0,1,30
Triple Play,1.0,0,,0,0,1,0,0,1,30
Trojan Elite,2.0,3,7,0,0,1,0,0,1,30
Trusty Rifle,2.0,7,7,0,0,1,0,0,1,50
Try Again,3.0,67,10,0,0,1,0,0,1,65
Tuesday Layback,1.5,2,7,0,0,1,0,0,1,50
Tulip Mussel Garden,2.3,18,10,0,0,1,0,0,1,70
Tumbleweed,1.6,5,4,0,0,1,0,0,,
Tun Tavern,2.6,5,8,0,0,1,0,0,1,55
Turbocharge,2.7,32,10,0,0,1,0,0,1,70
Turdland,2.4,19,9,0,0,1,0,0,1,100
Twilight Zone,3.5,2,13,0,0,1,0,0,2,100
Twin Cracks,2.0,4,9,0,0,1,0,0,1,65
Twin Oaks,1.8,28,3,0,0,1,0,0,2,190
Twisted Sister,2.2,13,8,0,0,1,0,0,2,200
Uberfall Descent,3.1,30,,0,0,1,0,0,,25
Un-named,3.0,1,12,0,0,1,0,0,,
Unamed,1.0,4,3,0,0,1,0,0,2,140
Unclaimed,2.0,1,7,0,0,1,0,0,2,300
Uncle Hal's Arete,2.0,1,8,0,0,1,0,0,,70
Uncle Rudy,1.9,9,7,0,0,1,0,0,3,210
Undertoe,3.0,1,9,0,0,1,0,0,1,60
Underworld,1.0,1,,0,0,1,0,0,3,200
Unhinged or the Hinge,2.0,1,9,1,0,0,0,0,1,30
Unholy Wick,2.0,5,8,0,0,1,0,0,3,
Unknown,2.0,1,10,1,0,0,0,0,1,50
Unnamed Flow  1,2.5,2,,0,0,1,0,0,2,250
Unnamed,2.0,1,7,0,0,1,0,0,2,300
Unrest of the Witches,3.0,1,10,1,0,0,0,0,1,80
Unwanted,1.0,1,5,0,0,1,0,0,2,300
Up A Tree,1.9,16,5,0,0,1,0,0,1,40
Up in Arms,1.7,3,9,0,0,1,0,0,2,
Up the Slot,2.0,1,8,0,0,1,0,0,,60
Up Yours,2.4,30,7,0,0,1,0,0,1,80
Updraft,2.3,23,5,0,0,1,0,0,2,230
Uphill all the Way AKA The Man Who Fell to Earth,3.0,3,12,0,0,1,0,0,1,90
Upper Falls,2.0,1,,1,0,0,0,0,1,60
Ursula,2.8,145,5,0,0,1,0,0,2,180
V-3,3.2,172,7,0,0,1,0,0,1,80
Vader,1.3,6,10,0,0,1,0,0,1,50
Valium,2.0,1,11,0,1,0,0,0,1,80
Variety Crack,3.0,2,10,0,0,1,0,0,1,155
V.D.,2.3,3,10,0,0,1,0,0,1,75
Vegematic,1.7,3,10,1,0,0,0,0,,30
Ventre de Boeuf,3.6,12,9,0,0,1,0,0,1,70
Veracity,3.0,8,10,0,0,1,0,0,1,50
Vernal Imperatives,1.5,6,6,0,0,1,0,0,1,100
Vertebrae,3.6,7,9,0,1,0,0,0,2,240
Viewpoint Crack,1.0,1,5,0,0,1,0,0,1,100
Void Where Inhibited,2.2,18,11,0,0,1,0,0,1,80
Void Where Prohibited,1.9,9,11,0,0,1,0,0,1,80
Waiting for the Sun,1.0,1,5,0,0,1,0,0,1,60
Wake and Bake,2.9,15,10,0,1,0,0,0,2,170
Wake and Cake,1.6,5,8,0,0,1,0,0,1,80
Wald-Calder Route,3.0,4,9,0,0,1,0,0,2,200
Wally Your Finger Smells Like The Beaver,3.0,3,10,0,0,1,0,0,,90
Walter Mitty,1.9,17,8,0,0,1,0,0,1,70
Wandering Lunatic,2.4,7,10,0,1,0,0,0,1,90
Warpath,2.7,9,9,0,0,1,0,0,2,130
Wasp,2.6,65,9,0,0,1,0,0,2,230
Water Streak,2.5,4,8,0,1,0,0,0,1,45
Waterfall Wall,3.1,8,,0,0,1,0,0,6,730
Watery Grave,3.0,1,10,1,0,0,0,0,1,170
Wayout Chimney,1.0,1,5,0,0,1,0,0,1,90
Wednesday Wisecrack,1.0,1,7,0,0,1,0,0,1,50
Weekend Warrior,3.3,9,10,0,1,0,0,0,1,80
Wegetables I've Never Seen Before,3.3,64,10,0,0,1,0,0,1,
Weissner Route,3.4,5,8,0,0,1,0,0,1,90
Welcome Matt,1.3,3,8,0,0,1,0,0,1,80
Welcome to the Gunks,3.6,48,10,0,0,1,0,0,1,140
West Coast Connection,2.0,2,,0,0,1,0,0,1,60
Westward Ha!,3.6,24,7,0,0,1,0,0,2,150
Whale Ship,1.0,1,8,0,0,1,0,0,1,80
Whalehunter,3.1,9,9,0,0,1,0,0,1,
What Did I Just Do?,1.0,0,8,1,0,0,0,0,,
What The Eft,3.5,2,11,0,0,1,0,0,1,60
Whatever,1.5,2,10,0,0,1,0,0,1,60
Wheelin N' Dealin,4.0,1,13,0,0,1,0,0,,100
Where the Wild Things Are,3.8,5,10,0,0,1,0,0,3,330
Where's the Booty?,2.0,2,5,0,0,1,0,0,1,60
Whet Stone,2.0,4,8,0,0,1,0,0,,90
Whirlpool,2.0,2,6,0,0,1,0,0,1,60
White Arete,2.0,2,10,0,1,0,0,0,1,30
White Knight,3.6,7,12,0,0,1,0,0,1,90
White Lies Yellow Teeth,3.0,1,10,0,0,1,0,0,1,60
White Lightning,3.0,1,9,1,0,0,0,0,1,22
White Pillar,2.2,5,7,0,0,1,0,0,3,250
Who Put That There?,1.0,1,3,1,0,0,0,0,1,30
Wicked Whoa,1.0,1,9,1,0,0,0,0,1,22
Wide Crack,1.0,1,5,1,0,0,0,0,,30
Wild Horses,2.3,26,9,0,0,1,0,0,2,170
Willie's Danish Prince,3.0,6,9,0,0,1,0,0,1,115
Willie's Weep,1.0,12,2,0,0,1,0,0,3,225
Winchester Dihedral,3.0,1,9,0,0,1,0,0,1,90
Wind Song,1.5,2,6,0,0,1,0,0,1,40
Windex,2.0,1,10,1,0,0,0,0,,30
Window on the Hudson,2.5,6,7,0,1,0,0,0,1,
Wisecrack,2.2,62,6,0,0,1,0,0,3,230
WISWIG,2.6,9,11,0,0,1,0,0,1,80
WMD,2.0,2,6,0,1,0,0,0,,55
WMP,2.5,17,7,0,1,0,0,0,1,100
Wolf and the Swine,2.0,1,9,0,0,1,0,0,,
Wonderland,2.0,44,8,0,0,1,0,0,3,250
Woodland Idiot,1.0,1,8,0,0,1,0,0,1,35
Woolly Clam Taco,1.9,11,10,0,0,1,0,0,1,80
Working Wives,1.5,2,12,0,1,0,0,0,1,110
Wreck of the Lichen Fitzgerald,3.0,1,8,0,0,1,0,0,3,470
Wrist,2.7,83,6,0,0,1,0,0,2,200
Writer's Block,4.0,2,12,1,0,0,0,0,1,70
"Wrong Place, Right Time",2.0,2,10,0,0,1,0,0,1,60
Yakapodu,2.9,29,6,0,0,1,0,0,1,90
Yale,1.0,3,3,0,0,1,0,0,1,80
Yellow Belly,2.7,30,8,0,0,1,0,0,2,160
Yellow Ridge,3.6,156,7,0,0,1,0,0,2,200
Yenta,1.5,4,10,1,0,0,0,0,1,90
Yodellaybackloon,2.0,7,6,0,0,1,0,0,1,40
Yosemite Sam,3.0,1,5,1,0,0,0,0,1,20
"You're in the wrong place, my friend.",2.0,5,8,0,0,1,0,0,,
Yum Yum Yab Yum,3.0,68,4,0,0,1,0,0,3,250
Yvonne,1.3,6,9,0,0,1,0,0,3,125
Zabba,4.0,8,13,0,0,1,0,0,1,80
Zachariah,1.9,7,9,0,0,1,0,0,2,
Zetastein,4.0,1,10,0,0,1,0,0,,50
Zig-Zag,2.0,3,6,0,0,1,0,0,2,120
Ziggy's Overhang,3.0,1,8,0,1,0,0,0,1,75
